code,name,f6
000001,平安银行,810575796.4
000002,万 科Ａ,1678600240.58
000003,PT金田A,0.0
000004,国华退,1779195.0
000005,ST星源,0.0
000006,深振业Ａ,227983681.14
000007,全新好,82459610.5
000008,神州高铁,42191747.5
000009,中国宝安,97682132.27
000010,*ST美丽,13671876.0
000011,深物业A,185505266.0
000012,南 玻Ａ,64221112.97
000013,*ST石化A,0.0
000014,沙河股份,245705888.78
000015,PT中浩A,0.0
000016,*ST康佳A,0.0
000017,深中华A,241856976.3
000018,神城A退,0.0
000019,深粮控股,99810697.96
000020,深华发Ａ,201884847.0
000021,深科技,1849502895.85
000022,深赤湾A,0.0
000023,*ST深天,0.0
000024,招商地产,0.0
000025,特 力Ａ,82042841.55
000026,飞亚达,116210037.76
000027,深圳能源,109890652.93
000028,国药一致,39988449.22
000029,深深房Ａ,112221171.44
000030,富奥股份,31191134.88
000031,大悦城,104451150.0
000032,深桑达Ａ,375232836.32
000033,新都退,0.0
000034,神州数码,710724203.91
000035,中国天楹,132911545.71
000036,华联控股,111946510.89
000037,深南电A,85896618.6
000038,大通退,0.0
000039,中集集团,164356263.38
000040,*ST旭蓝,0.0
000042,中洲控股,45734265.44
000043,中航善达,0.0
000045,深纺织Ａ,69928336.0
000046,*ST泛海,0.0
000047,ST中侨,0.0
000048,京基智农,181803428.69
000049,德赛电池,82559812.01
000050,深天马Ａ,129477388.43
000055,方大集团,78563490.0
000056,*ST皇庭,71239824.44
000058,深 赛 格,112091222.93
000059,华锦股份,197691004.77
000060,中金岭南,453322944.88
000061,农 产 品,72630481.55
000062,深圳华强,294398843.46
000063,中兴通讯,2156499581.91
000065,北方国际,139277054.29
000066,中国长城,1600368531.31
000068,华控赛格,39562827.17
000069,华侨城Ａ,182173979.0
000070,特发信息,1069095501.16
000078,ST海王,76671015.0
000088,盐 田 港,128911048.3
000089,深圳机场,92521384.64
000090,天健集团,73848002.5
000096,广聚能源,28800479.2
000099,中信海直,69066441.88
000100,TCL科技,1472739480.24
000150,*ST宜康,0.0
000151,中成股份,133224543.45
000153,丰原药业,50727803.56
000155,川能动力,159294167.0
000156,华数传媒,75676819.69
000157,中联重科,283891991.76
000158,常山北明,234536970.25
000159,国际实业,56509466.19
000166,申万宏源,257665966.78
000301,东方盛虹,201666302.91
000333,美的集团,2101953508.57
000338,潍柴动力,1841024996.1
000400,许继电气,398771253.67
000401,金隅冀东,27168236.0
000402,金 融 街,135503323.4
000403,派林生物,60276645.38
000404,长虹华意,40897225.25
000405,ST鑫光,0.0
000406,石油大明,0.0
000407,胜利股份,53380133.2
000408,藏格矿业,546769633.05
000409,云鼎科技,31779865.94
000410,沈阳机床,87435555.32
000411,英特集团,80089350.09
000412,ST五环,0.0
000413,ST旭电,0.0
000415,渤海租赁,232146457.0
000416,*ST民控,0.0
000417,合百集团,123551477.43
000418,小天鹅A,0.0
000419,通程控股,21469277.34
000420,吉林化纤,127097266.07
000421,南京公用,21351737.1
000422,湖北宜化,149800261.56
000423,东阿阿胶,164999773.5
000425,徐工机械,515118208.63
000426,兴业银锡,1570554144.14
000428,华天酒店,139906464.65
000429,粤高速Ａ,58142151.86
000430,张家界,60327508.68
000488,ST晨鸣,14842300.5
000498,山东路桥,544354533.89
000501,武商集团,40064571.84
000502,绿景退,0.0
000503,国新健康,362431751.97
000504,南华生物,179968459.0
000505,京粮控股,171240098.04
000506,招金黄金,583869127.08
000507,珠海港,30496388.55
000508,琼民源A,0.0
000509,华塑控股,168967040.03
000510,新金路,693455816.94
000511,烯碳退,0.0
000513,丽珠集团,842849421.4
000514,渝 开 发,35288944.65
000515,攀渝钛业,0.0
000516,国际医学,58607973.76
000517,荣安地产,66681727.29
000518,四环生物,97514354.26
000519,中兵红箭,418039776.58
000520,凤凰航运,67591820.88
000521,长虹美菱,28232607.0
000522,白云山A,0.0
000523,红棉股份,356066922.22
000524,岭南控股,43530336.6
000525,红太阳,47113290.55
000526,学大教育,98048584.88
000527,美的电器,0.0
000528,柳 工,109629667.64
000529,广弘控股,15619135.9
000530,冰山冷热,54241493.5
000531,穗恒运Ａ,29858695.92
000532,华金资本,292289154.03
000533,顺钠股份,209048621.7
000534,万泽股份,333513684.45
000535,*ST猴王,0.0
000536,华映科技,288348759.7
000537,绿发电力,73592149.16
000538,云南白药,351113142.1
000539,粤电力Ａ,143395184.13
000540,*ST中天,0.0
000541,佛山照明,24138947.32
000542,TCL通讯,0.0
000543,皖能电力,139190719.93
000544,中原环保,17357546.78
000545,金浦钛业,51767990.22
000546,金圆股份,35977905.34
000547,航天发展,1166131498.68
000548,湖南投资,17814546.43
000549,S湘火炬,0.0
000550,江铃汽车,85404467.55
000551,创元科技,141665315.79
000552,甘肃能化,118178316.88
000553,安道麦A,27341311.0
000554,泰山石油,48557381.47
000555,神州信息,235622675.19
000556,PT南洋,0.0
000557,西部创业,23114329.94
000558,天府文旅,59112804.53
000559,万向钱潮,523853966.62
000560,我爱我家,2310346997.78
000561,烽火电子,68223411.6
000562,宏源证券,0.0
000563,陕国投Ａ,85693179.2
000564,供销大集,256567669.14
000565,渝三峡Ａ,72503169.39
000566,海南海药,206352530.69
000567,海德股份,90881690.0
000568,泸州老窖,398408514.26
000569,长城股份,0.0
000570,苏常柴Ａ,47130126.72
000571,新大洲A,139111262.53
000572,海马汽车,487357356.19
000573,粤宏远Ａ,46285519.0
000576,甘化科工,55302769.45
000578,盐湖集团,0.0
000581,威孚高科,88960377.21
000582,北部湾港,419412258.99
000583,S*ST托普,0.0
000584,工智退,0.0
000585,东电退,0.0
000586,汇源通信,107793729.0
000587,*ST金洲,0.0
000588,PT粤金曼,0.0
000589,贵州轮胎,62487673.2
000590,古汉医药,31100192.4
000591,太阳能,112704559.28
000592,平潭发展,5083871838.57
000593,德龙汇能,311588355.93
000594,国恒退,0.0
000595,新能股份,106142523.32
000596,古井贡酒,262992684.69
000597,东北制药,40902865.99
000598,兴蓉环境,86851961.2
000599,青岛双星,42017250.28
000600,建投能源,81658455.44
000601,韶能股份,115559774.56
000602,金马集团,0.0
000603,盛达资源,851754559.95
000605,渤海股份,18152648.89
000606,顺利退,0.0
000607,华媒控股,302267983.45
000608,阳光股份,122417234.8
000609,*ST中迪,47740945.98
000610,*ST西旅,43184660.0
000611,天首退,0.0
000612,焦作万方,454042604.96
000613,东海A退,0.0
000615,*ST美谷,11161992.8
000616,*ST海投,0.0
000617,中油资本,317042242.72
000618,吉林化工,0.0
000619,海螺新材,23987564.0
000620,盈新发展,546284641.07
000621,*ST比特,0.0
000622,恒立退,0.0
000623,吉林敖东,135934680.27
000625,长安汽车,325338555.66
000626,远大控股,107101060.2
000627,*ST天茂,0.0
000628,高新发展,466921129.87
000629,钒钛股份,183902927.22
000630,铜陵有色,1004364419.57
000631,顺发恒能,28153169.67
000632,ST三木,41679965.17
000633,合金投资,47952580.51
000635,英 力 特,79641200.79
000636,风华高科,4798901189.47
000637,茂化实华,48043476.88
000638,*ST万方,0.0
000639,ST西王,43217276.0
000650,仁和药业,51131794.2
000651,格力电器,926076638.39
000652,泰达股份,26088447.29
000653,ST九州,0.0
000655,金岭矿业,28923269.84
000656,金科股份,169478733.13
000657,中钨高新,2540931634.53
000658,ST海洋,0.0
000659,珠海中富,78710581.99
000660,*ST南华,0.0
000661,长春高新,220161814.27
000662,天夏退,0.0
000663,永安林业,110502049.9
000665,湖北广电,91677748.21
000666,经纬纺机,0.0
000667,ST美置,0.0
000668,荣丰控股,109043031.0
000669,ST金鸿,14845825.0
000670,盈方微,393300748.34
000671,ST阳光城,0.0
000672,上峰材料,287883718.14
000673,当代退,0.0
000675,ST银山,0.0
000676,智度股份,589161070.53
000677,ST海龙,29815612.0
000678,襄阳轴承,369427226.98
000679,大连友谊,32902972.76
000680,山推股份,107775417.1
000681,视觉中国,211831044.21
000682,东方电子,84755706.8
000683,博源化工,193504670.0
000685,中山公用,92478740.4
000686,东北证券,90279593.2
000687,华讯退,0.0
000688,国城矿业,280186690.73
000689,ST宏业,0.0
000690,宝新能源,410626726.0
000691,亚太实业,44618269.0
000692,惠天热电,35635747.16
000693,华泽退,0.0
000695,滨海能源,36188823.0
000697,炼石航空,65753920.0
000698,ST沈化,16993853.0
000699,S*ST佳纸,0.0
000700,模塑科技,644580039.91
000701,厦门信达,183825545.98
000702,正虹科技,43746200.73
000703,恒逸石化,1158069084.27
000705,浙江震元,30840769.11
000707,双环科技,27406011.67
000708,中信特钢,105730727.34
000709,河钢股份,113975796.42
000710,贝瑞基因,712439662.82
000711,京蓝科技,242306655.2
000712,锦龙股份,325741827.87
000713,国投丰乐,108857822.44
000715,中兴商业,29590240.1
000716,黑芝麻,88815777.48
000717,中南股份,35213040.61
000718,苏宁环球,52439976.56
000719,中原传媒,67546114.58
000720,新能泰山,93084418.0
000721,西安饮食,52633044.2
000722,湖南发展,180390466.73
000723,美锦能源,169587675.86
000725,京东方Ａ,8247027889.46
000726,鲁 泰Ａ,49015392.2
000727,冠捷科技,137499053.12
000728,国元证券,133101259.78
000729,燕京啤酒,200730344.22
000730,*ST环保,0.0
000731,四川美丰,106189561.7
000732,ST泰禾,0.0
000733,振华科技,496445597.03
000735,罗 牛 山,354011008.45
000736,中交发展,61510481.46
000737,北方铜业,990943340.26
000738,航发控制,207155986.52
000739,普洛药业,585329088.98
000748,长城信息,0.0
000750,国海证券,116018311.7
000751,锌业股份,76340450.65
000752,*ST西发,26042397.0
000753,漳州发展,692169209.62
000755,山西高速,13971859.93
000756,新华制药,885396102.7
000757,浩物股份,34147083.22
000758,中色股份,129214961.38
000759,中百集团,308651799.19
000760,斯太退,0.0
000761,本钢板材,29334766.23
000762,西藏矿业,159802280.43
000763,锦州石化,0.0
000765,*ST华信,0.0
000766,通化金马,126662434.27
000767,晋控电力,160992234.37
000768,中航西飞,958546434.93
000769,*ST大菲,0.0
000776,广发证券,828220122.71
000777,中核科技,51783542.66
000778,新兴铸管,198237038.39
000779,甘咨询,169916961.9
000780,ST平能,0.0
000782,恒申新材,99453360.02
000783,长江证券,725684467.32
000785,居然智家,183890151.52
000786,北新建材,301868625.43
000787,*ST创智,0.0
000788,北大医药,57372575.48
000789,万年青,16757163.81
000790,华神科技,598560826.63
000791,甘肃能源,85758327.6
000792,盐湖股份,1158676946.11
000793,ST华闻,24151030.0
000795,英洛华,123794117.46
000796,凯撒旅业,124742817.29
000797,中国武夷,205509823.78
000798,中水渔业,132543939.52
000799,酒鬼酒,127543338.7
000800,一汽解放,60169821.53
000801,四川九洲,91846279.88
000802,北京文化,236803085.96
000803,山高环能,59237514.68
000805,*ST炎黄,0.0
000806,银河退,0.0
000807,云铝股份,1331170569.69
000809,和展能源,102980312.38
000810,创维数字,167731146.0
000811,冰轮环境,1268001897.9
000812,陕西金叶,58200809.48
000813,德展健康,62347041.97
000815,美利云,390376662.64
000816,智慧农业,73651179.81
000817,辽河油田,0.0
000818,航锦科技,174234624.8
000819,岳阳兴长,42532091.12
000820,神雾节能,35059634.0
000821,ST京机,37738753.28
000822,山东海化,25307333.7
000823,超声电子,3659096152.18
000825,太钢不锈,108246541.2
000826,*ST启环,25055372.0
000827,*ST长兴,0.0
000828,东莞控股,40890054.35
000829,天音控股,353299222.9
000830,鲁西化工,195503346.54
000831,中国稀土,1056576678.39
000832,*ST龙涤,0.0
000833,粤桂股份,270697120.33
000835,长动退,0.0
000836,ST富通,0.0
000837,秦川机床,73604041.67
000838,*ST发展,68241425.5
000839,国安股份,215218259.25
000848,承德露露,91910414.3
000850,华茂股份,1130074774.13
000851,*ST高鸿,0.0
000852,石化机械,73470404.95
000856,冀东装备,39908838.77
000858,五 粮 液,1060222915.98
000859,国风新材,231977527.56
000860,顺鑫农业,81495493.5
000861,海印股份,0.0
000862,银星能源,76425310.33
000863,三湘印象,81572130.22
000866,扬子石化,0.0
000868,安凯客车,385738633.32
000869,张 裕Ａ,45674022.47
000875,电投绿能,141796178.06
000876,新 希 望,252507233.37
000877,天山股份,128118953.67
000878,云南铜业,597450909.91
000880,潍柴重机,255182558.97
000881,中广核技,42855540.0
000882,华联股份,62525763.76
000883,湖北能源,75335749.0
000885,城发环境,27885819.12
000886,海南高速,52125643.27
000887,中鼎股份,471432745.0
000888,峨眉山Ａ,49316908.01
000889,中嘉博创,96718646.1
000890,法尔胜,131017925.0
000892,欢瑞世纪,537596675.83
000893,亚钾国际,399453322.06
000895,双汇发展,375559151.61
000897,津滨发展,51328202.4
000898,鞍钢股份,61177860.1
000899,赣能股份,77944169.17
000900,现代投资,31425287.0
000901,航天科技,153991773.1
000902,新洋丰,95378250.69
000903,ST云动,35425994.0
000905,厦门港务,481451169.04
000906,浙商中拓,63200055.18
000908,石药景峰,67504344.2
000909,*ST数源,23872709.0
000910,大亚圣象,220787713.83
000911,*ST广糖,28417356.09
000912,泸天化,117834249.16
000913,钱江摩托,40255146.15
000915,华特达因,42439662.07
000916,华北高速,0.0
000917,电广传媒,112515679.09
000918,*ST嘉凯,0.0
000919,金陵药业,46045386.38
000920,沃顿科技,212710704.41
000921,海信家电,157585608.85
000922,佳电股份,77521434.82
000923,河钢资源,167235868.41
000925,众合科技,133564180.08
000926,福星股份,64132824.8
000927,中国铁物,74390742.4
000928,中钢国际,58422744.6
000929,兰州黄河,48194932.19
000930,中粮科技,178080271.5
000931,中 关 村,63227922.12
000932,华菱钢铁,190456513.1
000933,神火股份,825925035.74
000935,四川双马,102783475.4
000936,华西股份,73568829.0
000937,冀中能源,136085316.14
000938,紫光股份,3685585142.61
000939,凯迪退,0.0
000948,南天信息,55645292.27
000949,新乡化纤,217548766.81
000950,重药控股,65362652.35
000951,中国重汽,152309757.57
000952,广济药业,44847433.66
000953,中哲精化,31201649.0
000955,欣龙控股,36325588.68
000956,中原油气,0.0
000957,中通客车,61715863.28
000958,电投产融,68503361.21
000959,首钢股份,69422790.14
000960,锡业股份,740550657.66
000961,ST中南,0.0
000962,东方钽业,991578798.35
000963,华东医药,750578720.46
000965,天保基建,53814626.26
000966,长源电力,129554046.25
000967,盈峰环境,534305575.3
000968,蓝焰控股,96804180.55
000969,安泰科技,282278894.87
000970,中科三环,244690358.98
000971,*ST高升,0.0
000972,中基健康,58185509.0
000973,佛塑科技,227002586.33
000975,山金国际,913369401.0
000976,*ST华铁,0.0
000977,浪潮信息,2953550623.06
000978,桂林旅游,479777711.24
000979,中弘退,0.0
000980,众泰汽车,1051055424.98
000981,山子高科,1294767734.9
000982,中银绒业,0.0
000983,山西焦煤,281481715.66
000985,大庆华科,45503798.0
000987,越秀资本,147842687.37
000988,华工科技,5687972206.19
000989,九芝堂,86071087.75
000990,诚志股份,193705019.8
000993,闽东电力,1211670662.13
000995,皇台酒业,175783114.0
000996,中期退,0.0
000997,新 大 陆,179374734.0
000998,隆平高科,233932517.4
000999,华润三九,130159494.68
001201,东瑞股份,212005782.51
001202,炬申股份,21244669.96
001203,大中矿业,350093457.22
001205,盛航股份,41528856.12
001206,依依股份,41676522.65
001207,联科科技,70373267.52
001208,华菱线缆,108105884.97
001209,洪兴股份,64529233.6
001210,金房能源,140682563.44
001211,双枪科技,240594444.58
001212,中旗新材,229794664.61
001213,中铁特货,17685261.0
001215,千味央厨,56599534.71
001216,华瓷股份,982277592.39
001217,华尔泰,44481095.0
001218,丽臣实业,32964336.6
001219,青岛食品,28936812.48
001220,世盟股份,19930899.71
001221,悍高集团,83011075.9
001222,源飞宠物,59818498.14
001223,欧克科技,74293442.66
001225,和泰机电,58278779.84
001226,拓山重工,58568517.0
001227,兰州银行,127575472.33
001228,永泰运,152033789.15
001229,魅视科技,207753785.86
001230,劲旅环境,115758555.86
001231,农心科技,34354828.84
001232,嘉立创,817617406.0
001233,海安集团,106363257.08
001234,泰慕士,339579810.0
001235,里得电科,0.0
001236,弘业期货,55780243.0
001237,惠康科技,48416941.27
001238,浙江正特,38261306.3
001239,永达股份,55116418.81
001246,力勤资源,0.0
001248,华润新能,373989309.39
001255,博菲电气,58736617.47
001256,炜冈科技,35695248.0
001257,盛龙股份,145009241.14
001258,立新能源,337869217.4
001259,利仁科技,51418597.0
001260,坤泰股份,72664376.83
001266,宏英智能,231262784.14
001267,汇绿生态,1585731528.02
001268,联合精密,160477142.01
001269,欧晶科技,46664868.68
001270,铖昌科技,496892992.33
001277,速达股份,32864104.29
001278,一彬科技,53213344.3
001279,强邦新材,14916356.8
001280,中国铀业,140649878.26
001282,三联锻造,71362136.12
001283,豪鹏科技,172884138.64
001285,瑞立科密,35381509.72
001286,陕西能源,118717594.55
001287,中电港,318810939.43
001288,运机集团,177255714.56
001289,龙源电力,35788490.08
001296,长江材料,41538555.45
001298,好上好,90126682.4
001299,美能能源,46610479.98
001300,三柏硕,38870949.32
001301,尚太科技,211284548.44
001306,夏厦精密,59992383.03
001308,康冠科技,31850937.57
001309,德明利,3649107315.37
001311,多利科技,62118800.66
001312,福恩股份,56089365.12
001313,粤海饲料,51451464.0
001314,亿道信息,176564104.79
001316,润贝航科,95410650.2
001317,三羊马,1264676579.51
001318,阳光乳业,47983112.47
001319,铭科精技,39577579.17
001322,箭牌家居,51102322.0
001323,慕思股份,47591257.56
001324,长青科技,71695431.88
001325,元创股份,23594941.25
001326,联域股份,447248511.4
001328,登康口腔,31526593.09
001330,博纳影业,261050016.0
001331,胜通能源,381997302.85
001332,锡装股份,67910407.6
001333,光华股份,27810617.0
001335,信凯科技,28751511.29
001336,楚环科技,40205636.8
001337,四川黄金,357579005.33
001338,永顺泰,86353394.0
001339,智微智能,411983279.76
001356,富岭股份,33834120.03
001358,兴欣新材,72179380.68
001359,平安电工,195572852.68
001360,南矿集团,127582444.88
001365,天海电子,246711026.73
001366,播恩集团,54266374.0
001367,海森药业,37018636.46
001368,通达创智,459326893.05
001369,双欣材料,65371976.06
001373,翔腾新材,93474011.59
001376,百通能源,309052729.19
001378,德冠新材,117182002.06
001379,腾达科技,23038031.99
001380,华纬科技,57109864.74
001382,新亚电缆,20289283.28
001386,马可波罗,36793067.66
001387,雪祺电气,71728940.92
001388,信通电子,70421538.23
001389,广合科技,2296423116.66
001390,古麒绒材,38202175.14
001391,国货航,76277737.0
001393,维通利,100064260.97
001395,亚联机械,33898434.66
001396,誉帆科技,17389692.95
001399,惠科股份,630067632.67
001400,江顺科技,361879331.04
001696,宗申动力,620789317.21
001872,招商港口,163518369.29
001896,豫能控股,403255200.1
001914,招商积余,98154761.86
001965,招商公路,77044880.3
001979,招商蛇口,716076989.93
002001,新 和 成,344344639.0
002002,ST鸿达,0.0
002003,伟星股份,177042873.99
002004,华邦健康,67685198.89
002005,德豪润达,90034122.19
002006,精工科技,81016544.0
002007,华兰生物,115408408.09
002008,大族激光,3747156298.0
002009,天奇股份,174999269.72
002010,传化智联,46456437.0
002011,盾安环境,813753560.52
002012,凯恩股份,60437971.0
002013,中航机电,0.0
002014,永新股份,18954714.0
002015,协鑫能科,534613375.94
002016,世荣兆业,46619693.0
002017,东信和平,154632832.92
002018,华信退,0.0
002019,亿帆医药,48568118.4
002020,京新药业,136740016.2
002021,中捷资源,52469087.6
002022,科华生物,138603621.77
002023,海特高新,174866893.3
002024,ST易购,15736491.62
002025,航天电器,565219033.45
002026,山东威达,149315394.83
002027,分众传媒,556653593.17
002028,思源电气,1588619113.62
002029,七 匹 狼,514051920.29
002030,达安基因,118228366.5
002031,巨轮智能,994807416.91
002032,苏 泊 尔,91549873.0
002033,丽江股份,87086287.69
002034,旺能环境,68452579.17
002035,华帝股份,195099810.56
002036,联创电子,139547028.64
002037,保利联合,19775062.0
002038,双鹭药业,73603499.02
002039,黔源电力,156897436.33
002040,南 京 港,110332362.54
002041,登海种业,249640112.89
002042,华孚时尚,224611266.5
002043,兔 宝 宝,56410459.91
002044,美年健康,217733850.92
002045,国光电器,111700454.53
002046,国机精工,1028583702.43
002047,宝鹰股份,54226942.0
002048,宁波华翔,202538029.49
002049,紫光国微,646375812.2
002050,三花智控,1313143524.36
002051,中工国际,185174212.39
002052,同洲电子,60091185.01
002053,云南能投,35242918.84
002054,德美化工,46065519.25
002055,ST得润,155196921.0
002056,横店东磁,358913767.84
002057,中钢天源,115905014.13
002058,紫竹高科,39586371.0
002059,云南旅游,184391554.89
002060,广东建工,41005208.0
002061,浙江交科,58287665.8
002062,宏润建设,303397659.69
002063,远光软件,61568333.6
002064,华峰化学,212631050.19
002065,东华软件,120166135.37
002066,瑞泰科技,55605841.94
002067,景兴纸业,83942421.96
002068,黑猫股份,426844209.27
002069,獐子岛,35310048.5
002070,众和退,0.0
002071,长城退,0.0
002072,凯瑞德,70175782.0
002073,软控股份,63819946.8
002074,国轩高科,573013253.43
002075,沙钢股份,54798402.11
002076,星光股份,35854581.13
002077,大港股份,1045507202.17
002078,太阳纸业,198587346.52
002079,苏州固锝,187315690.28
002080,中材科技,2545481459.71
002081,金 螳 螂,799821054.22
002082,ST万邦,439360017.62
002083,孚日股份,170631127.37
002084,海鸥住工,514868603.86
002085,万丰奥威,164865219.79
002086,东方海洋,67092533.0
002087,新纺退,0.0
002088,鲁阳节能,12132068.64
002089,新海退,0.0
002090,金智科技,43455118.56
002091,江苏国泰,70696128.65
002092,中泰化学,139498211.19
002093,国脉科技,503208640.73
002094,青岛金王,169094841.71
002095,生 意 宝,179430193.07
002096,易普力,34411610.0
002097,山河智能,98898329.5
002098,浔兴股份,58693848.17
002099,海翔药业,300420188.71
002100,天康生物,180564065.34
002101,广东鸿图,30366310.56
002102,ST能特,35822236.0
002103,广博股份,33447699.65
002104,恒宝股份,267320785.54
002105,信隆健康,42368104.62
002106,莱宝高科,580282439.08
002107,沃华医药,86645416.03
002108,沧州明珠,65225781.0
002109,ST兴化,10362063.0
002110,三钢闽光,58699270.59
002111,威海广泰,51578539.2
002112,三变科技,75500508.66
002113,*ST天润,0.0
002114,罗平锌电,39833759.08
002115,三维通信,421822365.85
002116,中国海诚,26502574.9
002117,东港股份,36233746.32
002118,*ST紫鑫,0.0
002119,康强电子,3646959346.9
002120,韵达股份,162484609.61
002121,科陆电子,95560273.54
002122,ST汇洲,24018325.2
002123,梦网科技,126487315.0
002124,天邦食品,154217426.0
002125,湘潭电化,126815968.53
002126,银轮股份,714225460.61
002127,南极电商,150435390.66
002128,电投能源,323937932.89
002129,TCL中环,637103432.66
002130,沃尔核材,335582465.85
002131,利欧股份,714622822.77
002132,恒星科技,131765984.02
002133,广宇集团,33652204.0
002134,天津普林,430689558.71
002135,东南网架,74371042.69
002136,安 纳 达,39978594.8
002137,实益达,195214645.23
002138,顺络电子,1464073630.28
002139,拓邦股份,98720292.89
002140,东华科技,51832600.7
002141,贤丰控股,1020363671.94
002142,宁波银行,786136989.21
002143,印纪退,0.0
002144,宏达高科,31951700.19
002145,钛能化学,400973865.18
002146,荣盛发展,222740451.38
002147,新光退,0.0
002148,北纬科技,70063242.66
002149,西部材料,457427548.1
002150,正泰电源,97294626.74
002151,北斗星通,390528591.34
002152,广电运通,130252132.32
002153,石基信息,108612683.35
002154,报 喜 鸟,68805385.7
002155,湖南黄金,938765261.35
002156,通富微电,3144147473.42
002157,正邦科技,339769677.41
002158,汉钟精机,403279694.77
002159,三特索道,23572763.28
002160,常铝股份,49620306.86
002161,远 望 谷,181042435.91
002162,悦心健康,83293039.8
002163,海南发展,174088656.44
002164,宁波东力,707356726.24
002165,红 宝 丽,252608193.85
002166,莱茵生物,51921518.39
002167,东方锆业,467382646.0
002168,ST惠程,9273017.0
002169,智光电气,390733108.35
002170,芭田股份,129455949.0
002171,楚江新材,459000297.46
002172,澳洋健康,680080897.71
002173,创新医疗,244943066.2
002174,游族网络,544908639.37
002175,*ST东智,33072440.0
002176,江特电机,238483421.45
002177,御银股份,67065305.86
002178,延华智能,248307162.5
002179,中航光电,748766277.36
002180,奔图科技,152074542.86
002181,粤 传 媒,956641772.83
002182,宝武镁业,113816506.44
002183,怡 亚 通,192168043.7
002184,海得控制,26877869.26
002185,华天科技,3218088503.69
002186,全 聚 德,25872381.44
002187,广百股份,40039697.64
002188,中天服务,48515597.44
002189,中光学,81060775.28
002190,成飞集成,78992809.09
002191,劲嘉股份,45496961.57
002192,融捷股份,485408251.67
002193,ST如意,10819659.7
002194,武汉凡谷,345697384.45
002195,岩山科技,399000003.67
002196,方正电机,349033679.61
002197,证通电子,91239653.0
002198,ST嘉应,13549680.0
002199,东晶电子,61131902.0
002200,交投生态,39845678.61
002201,九鼎新材,323488196.99
002202,金风科技,1161934423.37
002203,海亮股份,238246847.96
002204,大连重工,159746628.21
002205,国统股份,274241896.41
002206,海 利 得,30530575.44
002207,*ST准油,64186971.0
002208,合肥城建,171436702.49
002209,达 意 隆,39815032.0
002210,飞马国际,75936059.0
002211,ST宏达,20559969.0
002212,天融信,1387341374.93
002213,大为股份,305833585.44
002214,大立科技,134293039.95
002215,诺 普 信,114137639.3
002216,三全食品,40744571.35
002217,ST合力泰,149829899.12
002218,拓日新能,171970480.92
002219,新里程,111771085.33
002220,天宝退,0.0
002221,东华能源,79533611.64
002222,福晶科技,1548035905.23
002223,鱼跃医疗,165427881.9
002224,三 力 士,36446501.4
002225,濮耐股份,58096494.61
002226,江南化工,131339840.46
002227,*ST特迅,11660100.0
002228,合兴包装,102204287.1
002229,鸿博股份,169114424.54
002230,科大讯飞,773510425.03
002231,*ST奥维,0.0
002232,启明信息,393986983.86
002233,塔牌集团,95965788.85
002234,民和股份,43602996.0
002235,安妮股份,113514852.12
002236,大华股份,294150376.89
002237,恒邦股份,297120761.87
002238,天威视讯,188456091.97
002239,奥特佳,127144876.47
002240,盛新锂能,559697110.4
002241,歌尔股份,1724813744.95
002242,九阳股份,251850891.93
002243,力合科创,66174544.04
002244,滨江集团,421739912.73
002245,蔚蓝锂芯,1157740099.25
002246,北化股份,945341833.43
002247,聚力文化,40741419.0
002248,华东数控,84088254.81
002249,大洋电机,146601906.29
002250,联化科技,114088016.68
002251,步步高,199418084.16
002252,上海莱士,325926644.88
002253,川大智胜,137416329.96
002254,泰和新材,220769193.93
002255,海陆重工,75422301.0
002256,兆新股份,96090110.02
002258,利尔化学,185971182.52
002259,升达林业,197377948.64
002260,德奥退,0.0
002261,拓维信息,603445297.75
002262,恩华药业,160984335.1
002263,大东南,100661403.09
002264,新 华 都,653929457.61
002265,建设工业,169662641.48
002266,浙富控股,259032212.76
002267,陕天然气,30517793.72
002268,电科网安,250005205.92
002269,美邦服饰,50568735.0
002270,华明装备,236491933.36
002271,东方雨虹,340970997.6
002272,川润股份,352254624.01
002273,水晶光电,799137753.69
002274,华昌化工,102660134.68
002275,桂林三金,12703028.0
002276,万马股份,101460289.16
002277,友阿股份,78085314.18
002278,神开股份,45406713.99
002279,久其软件,107640356.48
002280,ST联络,0.0
002281,光迅科技,6309946801.49
002282,博深股份,24935845.0
002283,天润工业,233322424.6
002284,亚太股份,116549536.73
002285,世联行,1039504019.72
002286,保龄宝,214757098.16
002287,奇正藏药,22724814.81
002288,*ST超华,0.0
002289,宇顺电子,98433288.62
002290,禾盛新材,580345194.22
002291,遥望科技,146529009.45
002292,奥飞娱乐,333009369.6
002293,罗莱生活,50594668.09
002294,信立泰,199342246.03
002295,精艺股份,76511597.8
002296,辉煌科技,219018530.45
002297,博云新材,2154323898.81
002298,中电鑫龙,393600597.44
002299,圣农发展,98112437.2
002300,太阳电缆,400005177.68
002301,齐心集团,346818526.82
002302,西部建设,21303311.62
002303,美盈森,623271886.74
002304,洋河股份,152274506.26
002305,*ST南置,28681100.0
002306,ST云网,21690051.0
002307,北新路桥,54180446.6
002308,*ST威创,0.0
002309,中利集团,176173215.15
002310,东方新能,181153464.78
002311,海大集团,483766133.77
002312,川发龙蟒,139279160.13
002313,日海智能,148399504.96
002314,南山控股,64764807.56
002315,焦点科技,232216673.55
002316,亚联发展,62695758.8
002317,众生药业,358241664.96
002318,久立特材,123010161.32
002319,乐通股份,61690633.0
002320,海峡股份,278599488.88
002321,华英农业,449534572.17
002322,理工能科,67474047.02
002323,*ST雅博,44890251.12
002324,普利特,162516168.66
002325,*ST洪涛,0.0
002326,永太科技,242264909.57
002327,富安娜,18875199.0
002328,新朋股份,511972438.65
002329,皇氏集团,58853536.01
002330,得利斯,37332263.34
002331,皖通科技,38754208.6
002332,仙琚制药,78768868.8
002333,罗普斯金,133462971.38
002334,英威腾,57295986.16
002335,科华数据,892880969.89
002336,人乐退,0.0
002337,赛象科技,60238409.78
002338,奥普光电,357049586.14
002339,积成电子,188901917.81
002340,格林美,347842828.21
002341,ST新纶,0.0
002342,巨力索具,2008963896.16
002343,慈文传媒,67670043.05
002344,海宁皮城,33279118.8
002345,潮宏基,68049966.26
002346,柘中股份,108005181.61
002347,泰尔股份,311388253.84
002348,高乐股份,167217439.94
002349,精华制药,626642363.47
002350,北京科锐,63467056.52
002351,漫步者,63339517.75
002352,顺丰控股,336162774.82
002353,杰瑞股份,1970513263.52
002354,天娱数科,902815907.18
002355,兴民智通,41695808.57
002356,鹏飞绿能,30750950.94
002357,富临运业,76508067.56
002358,森源电气,37409237.86
002359,北讯退,0.0
002360,ST同德,49365320.0
002361,神剑股份,886879181.63
002362,汉王科技,110620243.05
002363,隆基机械,34589682.61
002364,中恒电气,686818339.05
002365,永安药业,281129959.87
002366,融发核电,95752439.32
002367,康力电梯,151960970.73
002368,太极股份,82013695.0
002369,卓翼科技,52732211.39
002370,亚太药业,46234451.1
002371,北方华创,3796812076.64
002372,伟星新材,47406664.54
002373,千方科技,79612430.15
002374,中锐股份,95138528.11
002375,亚厦股份,71844335.0
002376,新北洋,53587193.51
002377,国创高新,113355526.72
002378,章源钨业,332210954.28
002379,宏桥控股,304384248.34
002380,科远智慧,82521774.78
002381,双箭股份,22426620.81
002382,蓝帆医疗,158971237.29
002383,合众思壮,237676377.88
002384,东山精密,10009354159.42
002385,大北农,160481835.0
002386,天原股份,99308104.84
002387,维信诺,67485090.73
002388,新亚制程,385773605.8
002389,航天彩虹,192549536.85
002390,信邦制药,60127830.93
002391,长青股份,36159473.0
002392,北京利尔,69737657.84
002393,力生制药,24018339.33
002394,联发股份,77089394.25
002395,双象股份,438208562.22
002396,星网锐捷,2042213057.66
002397,梦洁股份,40379059.0
002398,垒知集团,53987154.47
002399,海普瑞,31111697.24
002400,省广集团,278466460.91
002401,中远海科,23419885.88
002402,和而泰,334103503.01
002403,爱仕达,253325366.27
002404,嘉欣丝绸,40199284.2
002405,四维图新,134063083.5
002406,远东传动,53167182.71
002407,多氟多,1518153745.8
002408,齐翔腾达,81942940.7
002409,雅克科技,1679071077.79
002410,广联达,148998888.35
002411,必康退,0.0
002412,汉森制药,246115789.08
002413,雷科防务,2846523515.43
002414,高德红外,495831515.03
002415,海康威视,1240524884.5
002416,爱施德,100116528.52
002417,深南退,0.0
002418,康盛股份,293599437.6
002419,天虹股份,52207479.15
002420,毅昌科技,40278692.0
002421,达实智能,479663417.71
002422,科伦药业,559415292.74
002423,中粮资本,88888695.0
002424,ST百灵,55563932.0
002425,凯撒文化,67536292.0
002426,胜利精密,490807854.52
002427,尤夫股份,31854846.42
002428,云南锗业,3528454217.08
002429,兆驰股份,562674347.89
002430,杭氧股份,242070212.15
002431,ST棕榈,18312315.0
002432,九安医疗,659311475.67
002433,太安退,0.0
002434,万里扬,114903944.89
002435,ST长康,0.0
002436,兴森科技,3760702222.03
002437,誉衡药业,537459814.95
002438,江苏神通,104412053.07
002439,启明星辰,545834917.01
002440,闰土股份,585175375.71
002441,众业达,24603800.03
002442,龙星科技,132978119.22
002443,金洲管道,408116905.34
002444,巨星科技,218628697.72
002445,中南文化,124367246.38
002446,盛路通信,234171278.08
002447,晨鑫退,0.0
002448,中原内配,101255572.1
002449,国星光电,53855913.0
002450,康得退,0.0
002451,摩恩电气,64881824.62
002452,长高电气,114018768.97
002453,华软科技,294640881.28
002454,松芝股份,48572742.58
002455,百川股份,114999207.37
002456,欧菲光,400337455.36
002457,青龙管业,140309061.98
002458,益生股份,180031968.16
002459,晶澳科技,181968104.97
002460,赣锋锂业,1220897755.64
002461,珠江啤酒,43727145.0
002462,嘉事堂,26473231.64
002463,沪电股份,4997113199.21
002464,众应退,0.0
002465,海格通信,574386277.41
002466,天齐锂业,1045243314.03
002467,二六三,560851292.55
002468,申通快递,133531511.41
002469,三维化学,29014509.8
002470,金正大,218176514.0
002471,中超控股,363111567.79
002472,双环传动,755153583.56
002473,圣莱退,0.0
002474,榕基软件,119350132.21
002475,立讯精密,4654262384.05
002476,新叶股份,43056352.66
002477,雏鹰退,0.0
002478,常宝股份,151346367.32
002479,富春环保,66446972.9
002480,新筑股份,162545729.58
002481,双塔食品,50377848.4
002482,广田集团,75132602.57
002483,润邦股份,84868647.13
002484,江海股份,2091266982.34
002485,ST雪发,9996180.72
002486,嘉麟杰,50454806.0
002487,大金重工,3228182078.43
002488,金固股份,121118436.84
002489,浙江永强,132004180.16
002490,山东墨龙,113103034.3
002491,通鼎互联,2477163031.83
002492,恒基达鑫,52921630.0
002493,荣盛石化,850326528.63
002494,华斯股份,92689710.67
002495,佳隆股份,48560715.2
002496,辉丰股份,31945333.0
002497,雅化集团,335713422.15
002498,汉缆股份,267986100.19
002499,科林退,0.0
002500,山西证券,90608516.5
002501,*ST利源,34483645.0
002502,ST鼎龙,0.0
002503,*ST搜特,0.0
002504,*ST弘高,0.0
002505,鹏都农牧,0.0
002506,协鑫集成,370960294.62
002507,涪陵榨菜,54552329.49
002508,老板电器,110748003.03
002509,天茂退,0.0
002510,天汽模,86012555.65
002511,中顺洁柔,51334323.0
002512,ST达华,71424506.58
002513,蓝丰生化,41810506.27
002514,*ST宝馨,79802193.16
002515,金字火腿,414188888.83
002516,旷达科技,108501477.95
002517,恺英网络,486442176.37
002518,科士达,606318397.84
002519,银河电子,308993905.66
002520,日发精机,288043099.83
002521,齐峰新材,28650239.0
002522,浙江众成,274926274.82
002523,天桥起重,65763891.04
002524,光正眼科,56368714.0
002526,山东矿机,36128664.4
002527,新时达,55745247.77
002528,*ST英飞,112166865.22
002529,海源复材,30707726.25
002530,金财互联,51696142.51
002531,天顺风能,1157570907.78
002532,天山铝业,500533173.73
002533,金杯电工,44290324.19
002534,西子洁能,223980446.77
002535,林州重机,34902322.0
002536,飞龙股份,1698668050.52
002537,海联金汇,79300554.28
002538,ST司特,138120100.74
002539,云图控股,119479699.46
002540,亚太科技,44312821.92
002541,鸿路钢构,271165296.0
002542,*ST中岩,35823745.18
002543,万和电气,106658786.22
002544,普天科技,185546425.61
002545,东方铁塔,477956192.28
002546,新联电子,58942719.66
002547,*ST春兴,97629648.0
002548,金新农,88548136.84
002549,凯美特气,153103540.23
002550,千红制药,55496249.93
002551,尚荣医疗,35693890.96
002552,宝鼎科技,816241138.0
002553,南方精工,626232311.71
002554,惠博普,41190611.82
002555,三七互娱,264768542.94
002556,辉隆股份,48196546.01
002557,洽洽食品,124044285.36
002558,巨人网络,1373978954.11
002559,亚威股份,174004211.44
002560,通达股份,250941561.54
002561,徐家汇,36390632.86
002562,兄弟科技,126905925.18
002563,森马服饰,80135641.4
002564,天沃科技,209846533.91
002565,顺灏股份,922379417.5
002566,益盛药业,32326243.94
002567,唐人神,73344402.04
002568,百润股份,402277985.81
002569,*ST步森,22983590.0
002570,贝因美,64975207.28
002571,德力股份,34448544.0
002572,索菲亚,44789822.91
002573,清新环境,31442229.04
002574,明牌珠宝,33480651.26
002575,群兴玩具,78638781.98
002576,通达动力,38557391.11
002577,雷柏科技,120627829.51
002578,闽发铝业,92828449.0
002579,中京电子,1980713723.51
002580,圣阳股份,623993833.68
002581,*ST未名,29568240.0
002582,好想你,86547387.0
002583,海能达,789627988.8
002584,西陇科学,614633065.94
002585,双星新材,951587677.19
002586,围海股份,20397520.0
002587,奥拓电子,49896386.33
002588,史丹利,86272361.2
002589,瑞康医药,306493418.5
002590,万安科技,38243662.23
002591,恒大高新,60679658.14
002592,ST八菱,14203578.0
002593,日上集团,54460108.0
002594,比亚迪,1524934515.98
002595,豪迈科技,143784222.92
002596,海南瑞泽,53448071.57
002597,金禾实业,86004890.0
002598,ST章鼓,12488070.0
002599,盛通股份,25488072.78
002600,领益智造,871902747.94
002601,龙佰集团,143241802.2
002602,世纪华通,929953595.49
002603,以岭药业,139889977.0
002604,龙力退,0.0
002605,姚记科技,37873530.5
002606,大连电瓷,108948705.69
002607,中公教育,208382407.79
002608,江苏国信,62175475.1
002609,捷顺科技,55518518.69
002610,ST爱康,0.0
002611,东方精工,471828279.05
002612,朗姿股份,266061149.82
002613,北玻股份,120370463.4
002614,奥佳华,1574292219.1
002615,哈尔斯,52276091.15
002616,长青集团,25465808.4
002617,露笑科技,617496077.59
002618,丹邦退,0.0
002619,*ST艾格,0.0
002620,*ST瑞和,51223152.0
002621,*ST美吉,0.0
002622,皓宸医疗,257910788.1
002623,亚玛顿,245205378.6
002624,完美世界,392590724.66
002625,光启技术,1090506217.07
002626,金达威,51647915.92
002627,三峡旅游,48417315.5
002628,成都路桥,90004065.37
002629,仁智股份,46815287.72
002630,*ST华西,34037913.04
002631,德尔未来,820617887.16
002632,道明光学,122886192.24
002633,申科股份,119585965.98
002634,*ST棒杰,25452147.0
002635,安洁科技,668819875.51
002636,金安国纪,3639974627.01
002637,赞宇科技,145263043.55
002638,勤上股份,388699445.27
002639,雪人集团,1566766064.91
002640,跨境通,1049611658.61
002641,公元股份,20388299.69
002642,荣联科技,91125274.63
002643,万润股份,176623354.06
002644,佛慈制药,40825418.16
002645,华宏科技,432770624.96
002646,天佑德酒,106380666.37
002647,仁东控股,318986582.65
002648,卫星化学,833579346.5
002649,博彦科技,60395070.53
002650,ST加加,41322996.8
002651,利君股份,73741821.24
002652,扬子新材,55642845.8
002653,海思科,234027440.0
002654,万润科技,431416218.68
002655,共达电声,799805232.6
002656,摩登大道,29793064.0
002657,中科金财,80777488.34
002658,雪迪龙,54753107.98
002659,凯文教育,64090180.0
002660,茂硕电源,40066284.44
002661,克明食品,41969682.0
002662,峰璟股份,28895661.35
002663,普邦股份,45889661.71
002664,信质集团,60652075.9
002665,ST航高,0.0
002666,德联集团,42365285.2
002667,*ST威领,419406173.7
002668,TCL智家,120425416.74
002669,康达新材,826300928.24
002670,国盛证券,216486927.54
002671,龙泉股份,37691481.6
002672,东江环保,133072460.66
002673,西部证券,131504447.14
002674,兴业科技,181324066.73
002675,东诚药业,45931779.22
002676,顺威股份,51254247.15
002677,浙江美大,68165337.0
002678,珠江钢琴,30117935.91
002679,福建金森,437748698.07
002680,长生退,0.0
002681,奋达科技,139247051.99
002682,龙洲股份,148084949.92
002683,广东宏大,188750170.6
002684,猛狮退,0.0
002685,华东重机,135950516.5
002686,亿利达,44094759.26
002687,乔治白,128291575.89
002688,金河生物,24158841.27
002689,ST远智,14563956.0
002690,美亚光电,76641221.0
002691,*ST冀凯,9160808.0
002692,远程股份,41285829.8
002693,双成药业,140672916.0
002694,*ST顾地,6715535.0
002695,煌上煌,123420586.36
002696,百洋股份,112301193.0
002697,红旗连锁,57102607.08
002698,博实股份,63691781.62
002699,*ST美盛,0.0
002700,万憬能源,35324208.0
002701,奥瑞金,97374155.12
002702,海欣食品,190982615.6
002703,浙江世宝,467835426.75
002705,新宝股份,259602963.41
002706,良信股份,115556226.12
002707,众信旅游,74240699.97
002708,光洋股份,912132469.91
002709,天赐材料,1078794381.22
002710,慈铭体检,0.0
002711,欧浦退,0.0
002712,思美传媒,54774737.0
002713,东易日盛,132551232.16
002714,牧原股份,1922902763.74
002715,登云股份,40561399.81
002716,湖南白银,992292129.07
002717,*ST岭南,80083685.0
002718,友邦吊顶,183501446.5
002719,ST麦趣,22851530.0
002721,金一文化,100108530.0
002722,物产金轮,28746577.9
002723,小崧股份,67165498.8
002724,海洋王,297365195.48
002725,跃岭股份,43556100.2
002726,ST龙大,110061870.27
002727,一心堂,44681210.65
002728,特一药业,166817769.53
002729,好利科技,47048802.12
002730,电光科技,201057570.48
002731,*ST萃华,0.0
002732,燕塘乳业,31917452.56
002733,雄韬股份,166515087.52
002734,利民股份,705590140.78
002735,王子新材,212062742.8
002736,国信证券,189709000.04
002737,葵花药业,33423405.76
002738,中矿资源,755241944.61
002739,儒意电影,281189247.42
002740,*ST爱迪,0.0
002741,光华科技,1190667106.33
002742,冀衡医药,66637400.0
002743,ST富煌,55141279.0
002745,木林森,494207425.53
002746,仙坛股份,78462355.65
002747,埃斯顿,860285535.49
002748,世龙实业,37760903.0
002749,国光股份,11857747.7
002750,龙津退,0.0
002751,易尚退,0.0
002752,昇兴股份,46516424.33
002753,永东股份,36834469.72
002755,奥赛康,105766327.42
002756,永兴材料,305811693.78
002757,南兴股份,443109085.5
002758,浙农股份,46934944.15
002759,ST天际,166802104.4
002760,凤形股份,35995657.31
002761,浙江建投,56674260.26
002762,金发拉比,80760184.0
002763,汇洁股份,26778021.57
002765,蓝黛科技,36325170.77
002766,索菱股份,52530173.0
002767,先锋电子,49403511.0
002768,国恩股份,978524165.06
002769,普路通,53000316.58
002770,科迪退,0.0
002771,真视通,71335774.09
002772,众兴菌业,109662733.98
002773,康弘药业,373087090.11
002774,快意电梯,167312976.0
002775,文科股份,32853474.85
002776,*ST柏龙,0.0
002777,久远银海,49263240.23
002778,中晟高科,27117859.84
002779,中坚科技,306618515.33
002780,三夫户外,84980250.55
002781,奇信退,0.0
002782,可立克,136900556.03
002783,凯龙股份,55389150.3
002785,万里石,297300933.2
002786,银宝山新,37496383.22
002787,华源控股,314315875.0
002788,鹭燕医药,163512638.77
002789,*ST建艺,21872176.0
002790,瑞尔特,109142350.34
002791,坚朗五金,50662747.13
002792,通宇通讯,653092667.2
002793,罗欣药业,137790698.24
002795,永和智控,173169964.6
002796,世嘉科技,304859714.0
002797,第一创业,243154123.09
002798,帝欧水华,60994592.91
002799,环球印务,34992634.95
002800,天顺股份,27684803.12
002801,微光股份,32084065.14
002802,洪汇新材,33195131.88
002803,吉宏股份,419454350.44
002805,丰元股份,121534054.81
002806,华锋股份,113407393.06
002807,江阴银行,149880469.88
002808,恒久退,3058849.0
002809,红墙股份,44834733.31
002810,山东赫达,87494213.54
002811,郑中设计,201014160.0
002812,恩捷股份,488166829.04
002813,路畅科技,143729337.9
002815,崇达技术,1350994800.89
002816,*ST和科,25796985.0
002817,黄山胶囊,26388228.91
002818,富森美,55483095.12
002819,东方中科,766756067.1
002820,桂发祥,57151352.82
002821,凯莱英,1203669364.15
002822,ST中装,15091054.64
002823,凯中精密,53891317.32
002824,和胜股份,363266825.1
002825,纳尔股份,30378212.62
002826,易明医药,88931176.24
002827,高争民爆,728044723.47
002828,贝肯能源,52436275.77
002829,星网宇达,73213030.42
002830,名雕股份,36660742.0
002831,裕同科技,276219447.88
002832,比音勒芬,143147692.76
002833,弘亚数控,69632152.33
002835,同为股份,25045502.03
002836,新宏泽,256089635.23
002837,英维克,1654487612.59
002838,道恩股份,136097936.34
002839,张家港行,111196059.6
002840,华统股份,215845380.57
002841,视源股份,360828789.4
002842,翔鹭钨业,506165009.9
002843,泰嘉股份,139918890.96
002845,同兴达,81679277.0
002846,英联股份,175468518.37
002847,盐津铺子,69445511.73
002848,高斯贝尔,213897009.0
002849,威星智能,733052579.0
002850,科达利,571878713.57
002851,麦格米特,4468307309.24
002852,道道全,237995171.94
002853,皮阿诺,20423057.82
002855,捷荣技术,122373093.64
002856,*ST美芝,143574003.0
002857,三晖电气,33674887.5
002858,力盛体育,51849942.0
002859,洁美科技,808963163.76
002860,星帅尔,0.0
002861,瀛通通讯,68430487.0
002862,实丰文化,108553824.85
002863,今飞凯达,34517983.6
002864,盘龙药业,30129811.6
002865,钧达股份,204036888.02
002866,传艺科技,76231233.14
002867,周大生,51390963.28
002868,绿康生化,35630416.3
002869,金溢科技,76707835.75
002870,香山股份,124748367.8
002871,伟隆股份,54238995.76
002872,ST天圣,20329701.0
002873,新天药业,41878469.54
002875,安奈儿,52223820.53
002876,三利谱,139754468.27
002877,智能自控,28170974.82
002878,元隆雅图,43219956.8
002879,长缆科技,279541257.06
002880,卫光生物,59492747.32
002881,美格智能,320017757.7
002882,金龙羽,267581223.01
002883,*ST中设,3519784.0
002884,凌霄泵业,22887717.73
002885,京泉华,342632996.47
002886,沃特股份,636004569.03
002887,绿茵生态,129189080.9
002888,惠威科技,45269680.0
002889,东方嘉盛,20587452.72
002890,弘宇股份,20920343.88
002891,中宠股份,139849645.32
002892,科力尔,37286551.76
002893,京能热力,85412172.04
002895,川恒股份,93499814.77
002896,中大力德,624725166.25
002897,意华股份,718923659.12
002898,赛隆退,3762649.0
002899,英派斯,88553389.36
002900,哈三联,335467657.35
002901,大博医疗,50438241.38
002902,铭普光磁,551581771.41
002903,宇环数控,244213314.17
002905,金逸影视,46801411.0
002906,华阳集团,130707930.33
002907,华森制药,149424896.2
002908,德生科技,22289427.4
002909,集泰股份,126196165.4
002910,庄园牧场,49228531.0
002911,佛燃能源,62798829.7
002912,中新赛克,209587119.61
002913,奥士康,1032650809.85
002915,中欣氟材,82980995.22
002916,深南电路,2888353918.64
002917,金奥博,22515702.5
002918,蒙娜丽莎,194586544.78
002919,名臣健康,56630900.48
002920,德赛西威,483640690.56
002921,联诚精密,78199562.98
002922,伊戈尔,326680206.23
002923,润都股份,66126483.48
002925,盈趣科技,288033349.61
002926,华西证券,97873839.0
002927,泰永长征,184506105.89
002928,华夏航空,173429863.74
002929,润建股份,371770272.6
002930,宏川智慧,48595100.76
002931,锋龙股份,224772875.64
002932,*ST明德,7829368.04
002933,新兴装备,33171970.92
002935,天奥电子,422794639.21
002936,郑州银行,135896589.87
002937,兴瑞科技,423849465.08
002938,鹏鼎控股,1759961739.49
002939,长城证券,102878315.75
002940,昂利康,84485907.11
002941,新疆交建,70618188.96
002942,新农股份,53980881.27
002943,宇晶股份,261634632.37
002945,华林证券,128852252.23
002946,新乳业,78691383.4
002947,恒铭达,376960140.71
002948,青岛银行,286428456.16
002949,华阳国际,91235905.0
002950,奥美医疗,43851368.44
002951,金时科技,162616503.0
002952,亚世光电,65967489.58
002953,日丰股份,76031312.26
002955,鸿合科技,171632035.68
002956,西麦食品,126446283.33
002957,科瑞技术,789633909.66
002958,青农商行,143248166.81
002959,小熊电器,165495608.85
002960,青鸟智控,70576896.78
002961,瑞达期货,165632473.11
002962,五方光电,457594981.44
002963,豪尔赛,145072685.0
002965,祥鑫科技,357472299.89
002966,苏州银行,288215884.09
002967,广电计量,171337439.54
002968,新大正,46064914.6
002969,嘉美包装,204347145.77
002970,锐明技术,163790234.61
002971,和远气体,795269582.41
002972,科安达,54941998.8
002973,侨银股份,66460759.68
002975,博杰股份,1449167612.22
002976,瑞玛精密,186144772.41
002977,*ST天箭,25445293.0
002978,安宁股份,41250915.31
002979,雷赛智能,300894633.8
002980,华盛昌,837589510.36
002981,朝阳科技,101841295.38
002982,湘佳股份,58211476.84
002983,芯瑞达,42908640.49
002984,森麒麟,74027852.0
002985,北摩高科,74590549.2
002986,宇新股份,36634071.26
002987,京北方,80744614.72
002988,豪美新材,112924829.66
002989,中天精装,247694626.84
002990,盛视科技,895897006.93
002991,甘源食品,16932931.86
002992,宝明科技,55559859.0
002993,奥海科技,175684198.26
002995,天地在线,78611023.32
002996,顺博合金,29144473.68
002997,瑞鹄模具,44486088.08
002998,优彩资源,98697020.0
002999,天禾股份,62506618.35
003000,劲仔食品,44362971.96
003001,中岩大地,389507058.43
003002,壶化股份,99817287.68
003003,天元股份,44954127.69
003004,声迅股份,92897425.0
003005,竞业达,155973420.85
003006,百亚股份,1116580375.38
003007,直真科技,77392078.06
003008,开普检测,23961380.66
003009,中天火箭,112008443.81
003010,若羽臣,131392100.79
003011,海象新材,87184755.84
003012,东鹏控股,30663214.0
003013,地铁设计,87949629.4
003015,日久光电,56065635.82
003016,欣贺股份,51319323.36
003017,大洋生物,38151859.84
003018,金富科技,471693535.78
003019,宸展光电,96303191.44
003020,立方制药,40426679.86
003021,兆威机电,172808263.4
003022,联泓新科,154828952.25
003023,彩虹集团,54488178.0
003025,思进智能,24318722.32
003026,中晶科技,845662933.04
003027,同兴科技,21305941.0
003028,振邦智能,25425280.6
003029,吉大正元,110542712.49
003030,祖名股份,63939506.0
003031,中瓷电子,1239722916.41
003032,传智教育,327739704.71
003033,征和工业,191380270.76
003035,南网能源,119352295.25
003036,泰坦股份,449862432.65
003037,三和管桩,12657046.52
003038,鑫铂股份,34259188.88
003039,顺控发展,58603605.94
003040,楚天龙,561849518.64
003041,真爱美家,84675702.75
003042,中农联合,132990222.55
003043,华亚智能,232025828.84
003816,中国广核,501189993.76
300001,特锐德,387431296.83
300002,神州泰岳,165352813.63
300003,乐普医疗,126561937.99
300004,南风股份,89576129.35
300005,探路者,366708071.22
300006,莱美药业,130797809.11
300007,汉威科技,213909718.44
300008,天海防务,251185917.72
300009,安科生物,214231566.32
300010,ST豆神,406870924.3
300011,鼎汉技术,15870320.87
300012,华测检测,371112950.89
300013,新宁物流,65014017.0
300014,亿纬锂能,1156289348.69
300015,爱尔眼科,286765973.2
300016,北陆药业,393546753.48
300017,网宿科技,1051113588.34
300018,中元股份,92391359.27
300019,硅宝科技,42741389.36
300020,ST银江,67256402.64
300021,大禹节水,35500685.04
300022,吉峰科技,64135449.76
300023,宝德退,0.0
300024,机器人,233075105.79
300025,华星创业,58392001.37
300026,红日药业,108192993.22
300027,ST华谊,76954156.44
300028,金亚退,0.0
300029,天龙退,2658657.0
300030,阳普医疗,34864780.99
300031,宝通科技,180744470.3
300032,金龙机电,46257422.38
300033,同花顺,1399423592.11
300034,钢研高纳,123349227.33
300035,中科电气,102917902.61
300036,超图软件,71550940.3
300037,新宙邦,1032032801.5
300038,数知退,0.0
300039,上海凯宝,83838399.66
300040,九洲集团,102664381.48
300041,回天新材,152971456.28
300042,朗科科技,331416057.66
300043,星辉娱乐,79691316.0
300044,*ST赛为,67544938.0
300045,华力创通,197356412.73
300046,台基股份,95106514.62
300047,天源迪科,81353240.7
300048,合康新能,28218166.0
300049,福瑞医科,245469529.55
300050,世纪鼎利,187758990.72
300051,琏升科技,135930139.0
300052,中青宝,68943507.41
300053,航宇微,161932416.66
300054,鼎龙股份,1315933386.76
300055,万邦达,63671525.72
300056,中创环保,123113818.77
300057,万顺新材,114203477.23
300058,蓝色光标,2073021113.23
300059,东方财富,2780037347.35
300061,旗天科技,220556511.96
300062,中能电气,75839253.38
300063,天龙集团,144122513.38
300064,金刚退,0.0
300065,海兰信,338788378.73
300066,三川智慧,44092197.49
300067,安诺其,129818391.46
300068,ST南都,119276682.0
300069,金利华电,91985432.0
300070,碧水源,78699994.74
300071,福石控股,115214244.0
300072,海新能科,48720955.29
300073,当升科技,294380523.03
300074,华平股份,50554198.59
300075,数字政通,94760617.4
300076,*ST宁视,19260992.0
300077,国民技术,554906516.02
300078,思创智联,57760587.0
300079,数码视讯,75781184.1
300080,易成新能,43854177.15
300081,ST恒信,23107676.0
300082,奥克股份,0.0
300083,创世纪,506543786.63
300084,海默科技,61244527.19
300085,银之杰,606053933.77
300086,康芝药业,102508882.43
300087,ST荃银,38140406.65
300088,长信科技,985015078.04
300089,文化退,0.0
300090,盛运退,0.0
300091,*ST金灵,9351049.8
300092,科新机电,23382167.74
300093,金刚光伏,90748495.0
300094,国联水产,113709564.2
300095,华伍股份,78145267.97
300096,易联众,185944629.82
300097,智云股份,159484225.11
300098,高新兴,89714883.0
300099,尤洛卡,57078551.96
300100,双林股份,430972200.31
300101,振芯科技,191316754.69
300102,乾照光电,279222691.22
300103,达刚控股,57010403.0
300104,乐视退,0.0
300105,龙源技术,60798868.26
300106,西部牧业,88147752.64
300107,建新股份,35268903.24
300108,*ST吉药,0.0
300109,新开源,134737384.0
300110,华仁药业,472935374.62
300111,向日葵,86871898.3
300112,万讯自控,375975005.16
300113,顺网科技,209637554.84
300114,中航电测,0.0
300115,长盈精密,547331947.61
300116,*ST保力,0.0
300117,*ST嘉寓,0.0
300118,东方日升,172341232.09
300119,瑞普生物,57088481.0
300120,经纬辉开,217587950.24
300121,阳谷华泰,113988453.63
300122,智飞生物,283071332.65
300123,ST亚光,88222902.51
300124,汇川技术,1579733074.98
300125,聆达股份,31028884.0
300126,锐奇股份,28230908.6
300127,银河磁体,71565550.77
300128,锦富技术,90899293.76
300129,泰胜风能,179412143.78
300130,新国都,109746612.1
300131,英唐智控,621486398.0
300132,诺斯贝尔,48560644.3
300133,华策影视,379529340.73
300134,大富科技,71754414.04
300135,宝利国际,40186811.26
300136,信维通信,2402914279.02
300137,先河环保,171485305.6
300138,晨光生物,25855016.32
300139,晓程科技,907136850.64
300140,节能环境,41328375.0
300141,和顺电气,40684062.86
300142,沃森生物,1127825228.26
300143,盈康生命,55941518.42
300144,宋城演艺,126249967.1
300145,南方泵业,333408428.29
300146,汤臣倍健,58769208.68
300147,*ST香雪,103285406.69
300148,天舟文化,65298099.0
300149,睿智医药,249316774.78
300150,世纪瑞尔,27807437.0
300151,昌红科技,425286323.49
300152,*ST动力,13819682.71
300153,科泰电源,316137027.3
300154,瑞凌股份,152218348.0
300155,安居宝,174447340.73
300156,神雾退,0.0
300157,新锦动力,54253686.2
300158,振东制药,69729422.82
300159,新研股份,68079808.0
300160,秀强股份,19377727.98
300161,华中数控,54304790.96
300162,雷曼光电,821597360.14
300163,先锋新材,333010943.0
300164,通源石油,507885060.58
300165,天瑞仪器,62241822.26
300166,东方国信,311954440.4
300167,ST迪威迅,15590292.0
300168,万达信息,63975657.0
300169,天晟新材,81781861.56
300170,汉得信息,369956897.33
300171,东富龙,320843857.92
300172,中电环保,38633292.55
300173,ST福能,12621826.0
300174,元力股份,250947047.84
300175,朗源股份,28362536.0
300176,鸿特科技,46982198.34
300177,中海达,45003378.5
300178,腾邦退,0.0
300179,四方达,2262296916.85
300180,华峰超纤,87191770.36
300181,佐力药业,73801309.14
300182,捷成股份,520454597.59
300183,东软载波,73026623.92
300184,力源信息,419637506.6
300185,通裕重工,180959696.0
300186,大华农,0.0
300187,永清环保,19354282.0
300188,国投智能,132633128.81
300189,神农种业,615369672.47
300190,维尔利,56765543.0
300191,潜能恒信,148379881.86
300192,科德教育,1241754920.66
300193,佳士科技,22085224.86
300194,福安药业,39690297.7
300195,长荣股份,42008967.15
300196,长海股份,299326256.77
300197,节能铁汉,77176818.94
300198,*ST纳川,21799947.0
300199,翰宇药业,789371652.55
300200,高盟新材,33550637.38
300201,海伦哲,266180919.56
300202,聚龙退,0.0
300203,聚光科技,219087100.04
300204,舒泰神,209961214.44
300205,*ST天喻,21959694.0
300206,理邦仪器,47276288.5
300207,欣旺达,3382482414.32
300208,中程退,0.0
300209,行云科技,1896785929.5
300210,森远股份,37874816.76
300211,*ST亿通,0.0
300212,*ST易录,54274654.9
300213,佳讯飞鸿,55870583.4
300214,日科化学,143032338.5
300215,电科院,133679934.28
300216,千山退,0.0
300217,东方电热,48186395.68
300218,安利股份,23620541.69
300219,鸿利智汇,182580711.97
300220,金运激光,25535693.76
300221,银禧科技,441613266.11
300222,科大智能,146540951.66
300223,君正股份,2352318048.34
300224,正海磁材,126051937.52
300225,金力泰,89466347.02
300226,上海钢联,102396867.93
300227,光韵达,213593530.87
300228,富瑞特装,51853345.0
300229,拓尔思,183674149.58
300230,永利股份,31516731.68
300231,银信科技,55620127.17
300232,洲明科技,68244186.76
300233,金城医药,80508679.03
300234,开尔新材,256696079.55
300235,方直科技,61375529.59
300236,上海新阳,528977141.5
300237,ST美晨,32821873.1
300238,冠昊生物,52312276.88
300239,东宝生物,54537832.35
300240,飞力达,31977395.53
300241,瑞丰光电,133459552.2
300242,佳云科技,88303502.78
300243,瑞丰高材,619311427.0
300244,迪安诊断,508156257.09
300245,ST天玑,34732511.0
300246,宝莱特,80184836.5
300247,融捷健康,30471629.44
300248,新开普,37176776.16
300249,依米康,143794747.98
300250,初灵信息,75355999.0
300251,光线传媒,258229998.93
300252,金信诺,332421122.17
300253,卫宁健康,229324248.55
300254,仟源医药,118913954.8
300255,常山药业,344545390.82
300256,星星科技,39180546.0
300257,开山股份,187673792.11
300258,精锻科技,98248474.62
300259,新天科技,304247553.48
300260,新莱应材,791550322.24
300261,雅本化学,36983674.06
300262,*ST巴安,0.0
300263,隆华科技,357856101.09
300264,佳创视讯,132560520.72
300265,通光线缆,238270871.39
300266,兴源环境,30150686.81
300267,尔康制药,106087501.56
300268,佳沃食品,24154273.78
300269,联建光电,248646318.72
300270,中威电子,67552519.0
300271,华宇软件,82169602.88
300272,开能健康,69797810.91
300273,和佳退,0.0
300274,阳光电源,3309298148.71
300275,梅安森,32903539.2
300276,三丰智能,373207062.29
300277,汽轮科技,199675975.47
300278,华昌达,47301835.67
300279,和晶科技,75018098.36
300280,紫天退,0.0
300281,金明精机,37070379.0
300282,三盛退,0.0
300283,温州宏丰,541956127.92
300284,苏交科,53725712.0
300285,国瓷材料,6404233325.36
300286,安科瑞,90285484.39
300287,飞利信,91429270.47
300288,朗玛信息,24776394.0
300289,利德曼,32455829.47
300290,ST荣科,255523773.0
300291,百纳千成,633638020.42
300292,吴通控股,142838234.0
300293,蓝英装备,38632431.8
300294,博雅生物,43524840.72
300295,*ST三六,20942403.0
300296,利亚德,156154823.22
300297,蓝盾退,0.0
300298,三诺生物,60247651.78
300299,富春股份,80466905.42
300300,海峡创新,2650936634.1
300301,ST长方,127015459.0
300302,同有科技,456763513.61
300303,聚飞光电,243160854.73
300304,云意电气,180790029.6
300305,裕兴股份,224968016.36
300306,远方信息,36511108.32
300307,慈星股份,88527169.3
300308,中际旭创,25185479436.39
300309,吉艾退,0.0
300310,宜通世纪,61967731.0
300311,任子行,705970361.01
300312,邦讯退,0.0
300313,天山生物,227179690.9
300314,戴维医疗,173991021.78
300315,掌趣科技,142463881.63
300316,晶盛机电,692211924.73
300317,珈伟新能,398241856.16
300318,博晖创新,38570254.96
300319,麦捷科技,1795304742.84
300320,海达股份,39706137.0
300321,同大股份,78843727.0
300322,硕贝德,464421318.12
300323,华灿光电,495268279.25
300324,旋极信息,352481102.95
300325,德威退,0.0
300326,ST凯利,23195189.0
300327,中颖电子,358242638.26
300328,宜安科技,243530672.08
300329,海伦钢琴,20701946.0
300330,计通退,0.0
300331,苏大维格,459147490.95
300332,天壕能源,67327592.61
300333,兆日科技,174836333.68
300334,津膜科技,58676730.0
300335,迪森股份,42950983.32
300336,新文退,0.0
300337,银邦股份,102290911.41
300338,*ST开元,28203953.0
300339,润和软件,372069409.96
300340,科恒股份,26997838.06
300341,麦克奥迪,39114073.0
300342,天银机电,513760949.27
300343,联创股份,52110424.36
300344,立方退,0.0
300345,华民股份,218854745.0
300346,南大光电,1200363218.03
300347,泰格医药,547357901.15
300348,长亮科技,95904808.2
300349,金卡智能,59789546.71
300350,华鹏飞,185711209.6
300351,永贵电器,76953540.42
300352,ST信源,162892239.23
300353,东土科技,153556638.2
300354,东华测试,54353807.55
300355,蒙草生态,37968116.6
300356,光一退,0.0
300357,我武生物,100921849.59
300358,楚天科技,346128981.53
300359,全通教育,59940295.76
300360,炬华科技,43704980.0
300361,奥赛康,0.0
300362,天翔退,0.0
300363,博腾股份,399916322.69
300364,中文在线,1196007183.61
300365,恒华科技,44182895.52
300366,ST创意,24313977.0
300367,网力退,0.0
300368,汇金股份,277766484.0
300369,绿盟科技,923702859.39
300370,安控科技,46075190.0
300371,汇中股份,21441325.52
300372,欣泰退,0.0
300373,扬杰科技,795351901.09
300374,中铁装配,37030576.7
300375,鹏翎股份,33755636.98
300376,易事特,68532396.56
300377,赢时胜,229976220.02
300378,鼎捷数智,623577289.94
300379,东通退,0.0
300380,安硕信息,40696201.92
300381,溢多利,43890903.85
300382,斯莱克,651976748.18
300383,光环新网,488006841.76
300384,三联虹普,46385996.24
300385,ST雪浪,48778893.0
300386,飞天诚信,41582464.71
300387,富邦科技,33106193.16
300388,节能国祯,16272117.6
300389,艾比森,50393268.42
300390,天华新能,906747195.61
300391,长药退,0.0
300392,腾信退,0.0
300393,中来股份,95734987.74
300394,天孚通信,8393956099.72
300395,菲利华,1640726623.65
300396,ST迪瑞,9127597.95
300397,天和防务,439200184.02
300398,飞凯材料,1106650171.11
300399,天利科技,53924181.94
300400,劲拓股份,342979148.47
300401,花园生物,302267559.25
300402,宝色股份,28364567.0
300403,汉宇集团,68951356.4
300404,博济医药,485742667.06
300405,科隆股份,38873431.88
300406,九强生物,75946104.09
300407,凯发电气,46399051.0
300408,三环集团,4607662474.7
300409,道氏技术,261879148.08
300410,正业科技,175536170.0
300411,金盾股份,101677467.76
300412,迦南科技,37466751.17
300413,芒果超媒,884388425.1
300414,中光防雷,75795921.09
300415,伊之密,62586587.04
300416,苏试试验,139636351.45
300417,南华仪器,42047098.63
300418,昆仑万维,1301375557.69
300419,ST浩丰,45972429.0
300420,五洋自控,363453968.37
300421,力星股份,91980147.08
300422,博世科,29852876.17
300423,昇辉科技,33314180.84
300424,航新科技,155090339.92
300425,中建环能,44964076.74
300426,华智数媒,158841491.86
300427,红相股份,297677500.61
300428,立中集团,78091939.81
300429,强力新材,166524993.94
300430,*ST益通,61633643.0
300431,暴风退,0.0
300432,富临精工,352668032.82
300433,蓝思科技,1870928092.18
300434,金石亚药,431697348.56
300435,中泰股份,98278975.06
300436,广生堂,159134152.62
300437,清水源,43958493.4
300438,鹏辉能源,732429147.92
300439,美康生物,59541985.75
300440,运达科技,147868623.38
300441,鲍斯股份,31593534.95
300442,润泽科技,1545784651.51
300443,金雷股份,293357886.6
300444,双杰电气,106322747.71
300445,康斯特,44206299.4
300446,航天智造,65684170.42
300447,全信股份,46743785.15
300448,浩云科技,70017541.65
300449,汉邦高科,45826100.79
300450,先导智能,762638896.29
300451,创业慧康,57978036.78
300452,山河药辅,47230376.6
300453,三鑫医疗,41644744.96
300454,深信服,1943634271.41
300455,航天智装,92686103.99
300456,赛微电子,924421148.94
300457,赢合科技,160586207.98
300458,全志科技,961769053.91
300459,汤姆猫,208539058.58
300460,ST惠伦,34125845.2
300461,田中精机,208278102.47
300462,ST华铭,12970614.0
300463,迈克生物,39070460.41
300464,星徽股份,325595352.0
300465,高伟达,76994687.51
300466,赛摩智能,28248324.88
300467,迅游科技,80834118.93
300468,四方精创,304962200.15
300469,信息发展,227166272.05
300470,中密控股,31890078.86
300471,厚普股份,32620859.21
300472,ST新元,24751825.4
300473,德尔股份,422890869.14
300474,景嘉微,385783593.81
300475,香农芯创,3299979810.49
300476,胜宏科技,5950407405.64
300477,ST合纵,33389030.42
300478,杭州高新,139563548.9
300479,神思电子,36753956.66
300480,光力科技,317685826.63
300481,濮阳惠成,95961868.32
300482,万孚生物,67478320.73
300483,首华燃气,243191161.26
300484,蓝海华腾,52053562.85
300485,赛升药业,36815060.79
300486,东杰智能,92522733.47
300487,蓝晓科技,228061229.46
300488,恒锋工具,146851605.01
300489,光智科技,3182139754.12
300490,华自科技,104162399.52
300491,通合科技,383208003.67
300492,华图山鼎,64417859.31
300493,润欣科技,138354454.44
300494,盛天网络,38444730.47
300495,*ST美尚,0.0
300496,中科创达,370418152.91
300497,富祥股份,718887409.25
300498,温氏股份,572983746.23
300499,高澜股份,691932001.04
300500,启迪设计,40951558.7
300501,海顺新材,151694316.93
300502,新易盛,15810203755.11
300503,昊志机电,663084796.74
300504,天邑股份,162203066.32
300505,川金诺,273371560.99
300506,名家汇,72115834.15
300507,苏奥传感,53859730.0
300508,维宏股份,77803268.6
300509,新美星,46619315.65
300510,金冠股份,47876960.55
300511,雪榕生物,71799771.59
300512,中亚股份,44061795.5
300513,恒实科技,39773699.08
300514,友讯达,48712323.25
300515,三德科技,74675639.33
300516,久之洋,154872061.02
300517,海波重科,47208954.65
300518,新迅达,238328258.24
300519,新光药业,32103648.42
300520,科大国创,329065002.48
300521,爱司凯,63998460.0
300522,世名科技,336639046.92
300523,辰安科技,108171891.06
300525,博思软件,64165954.92
300526,中潜退,0.0
300527,ST应急,45638378.9
300528,幸福蓝海,183421920.8
300529,健帆生物,48078362.78
300530,领湃科技,44325547.15
300531,优博讯,71298622.45
300532,今天国际,42264949.11
300533,冰川网络,43439349.06
300534,陇神戎发,576693562.33
300535,达威股份,32503512.69
300536,农尚环境,37201862.0
300537,广信材料,163905327.4
300538,同益股份,58302421.87
300539,横河精密,101714558.85
300540,蜀道装备,260259331.86
300541,先进数通,44849487.4
300542,新晨科技,45308244.0
300543,朗科智能,28007459.26
300545,联得装备,262648884.74
300546,雄帝科技,46119555.39
300547,川环科技,147470122.9
300548,长芯博创,2575236224.25
300549,优德精密,30657216.32
300550,和仁科技,50196916.96
300551,古鳌科技,67027231.63
300552,万集科技,51756400.9
300553,集智股份,345133121.81
300554,三超新材,190433985.02
300555,ST路通,11244799.4
300556,丝路视觉,47590597.0
300557,理工光科,59212579.17
300558,贝达药业,344527757.93
300559,佳发教育,59300122.76
300560,中富通,241340421.1
300561,汇金科技,131112297.86
300562,乐心股份,245993144.2
300563,神宇股份,167054541.22
300564,筑博设计,29876420.0
300565,科信技术,64248119.24
300566,激智科技,463127404.07
300567,精测电子,992250924.43
300568,星源材质,1198225244.25
300569,天能重工,453638175.35
300570,太辰光,2534218726.66
300571,平治信息,148550157.54
300572,安车检测,107610177.66
300573,兴齐眼药,103354435.71
300575,中旗股份,132193750.86
300576,容大感光,322917187.86
300577,开润股份,30193256.0
300578,会畅科技,52109830.8
300579,数字认证,133033208.02
300580,贝斯特,79555720.08
300581,晨曦航空,72789479.62
300582,英飞特,57873084.22
300583,赛托生物,49702054.0
300584,海辰药业,51774011.83
300585,奥联电子,255443902.76
300586,美联新材,202964718.41
300587,天铁科技,173549363.72
300588,熙菱信息,49719760.4
300589,江龙船艇,164540700.73
300590,移为通信,149931514.95
300591,万里马,54353705.5
300592,华凯易佰,169363892.32
300593,新雷能,547076327.82
300594,ST朗进,19622870.0
300595,欧普康视,58529223.33
300596,利安隆,87521701.01
300597,吉大通信,29299322.48
300598,诚迈科技,169433173.08
300599,雄塑科技,574921620.33
300600,国瑞科技,53789134.32
300601,康泰生物,151744013.12
300602,飞荣达,516145826.51
300603,立昂技术,69537200.28
300604,长川科技,4056200971.79
300605,恒锋信息,95546374.97
300606,金太阳,225602724.86
300607,拓斯达,590055041.61
300608,思特奇,61998193.51
300609,汇纳科技,66395344.0
300610,晨化股份,41743432.69
300611,美力科技,103694947.44
300612,宣亚国际,51725614.62
300613,富瀚微,1216311051.75
300614,百川畅银,26983044.15
300615,欣天科技,129836888.55
300616,尚品宅配,39255705.42
300617,安靠智电,105627004.65
300618,寒锐钴业,97504433.52
300619,金银河,283818381.62
300620,光库科技,2674687363.53
300621,维业股份,24183984.92
300622,博士眼镜,69586487.61
300623,捷捷微电,637490636.56
300624,万兴科技,306821159.33
300625,三雄极光,20657879.98
300626,华瑞股份,118892313.0
300627,华测导航,124970136.8
300628,亿联网络,352279453.74
300629,新劲刚,278779778.51
300630,普利退,0.0
300631,久吾高科,27207625.62
300632,光莆股份,234516301.07
300633,开立医疗,52613401.92
300634,彩讯股份,183223229.95
300635,中达安,36552488.0
300636,同和药业,42484786.08
300637,扬帆新材,29527917.87
300638,广和通,245630480.31
300639,凯普生物,134938656.56
300640,德艺文创,50456982.52
300641,正丹股份,59452650.6
300642,透景生命,445362137.9
300643,万通智控,72482141.63
300644,南京聚隆,54437956.22
300645,正元智慧,43809674.14
300647,超频三,864031019.19
300648,星云股份,65639021.88
300649,杭州园林,102369468.52
300650,太龙股份,59921841.81
300651,金陵体育,49404213.0
300652,雷迪克,96510800.37
300653,正海生物,36012600.72
300654,世纪天鸿,63153957.7
300655,晶瑞电材,357424530.52
300656,民德电子,177780446.77
300657,弘信电子,830310982.79
300658,延江股份,58286185.9
300659,中孚信息,353188314.73
300660,江苏雷利,93024453.75
300661,圣邦股份,1264981475.86
300662,科锐国际,32003788.92
300663,科蓝软件,97447155.96
300664,鹏鹞环保,24912623.08
300665,飞鹿股份,39005335.0
300666,江丰电子,1590355451.86
300667,必创科技,100863416.23
300668,杰恩股份,160103946.6
300669,沪宁股份,77777218.75
300670,大烨智能,71989569.5
300671,富满微,643400114.1
300672,国科微,1752793909.64
300673,佩蒂股份,41461787.1
300674,宇信科技,155108355.82
300675,建科院,195399180.1
300676,华大基因,756701333.64
300677,英科医疗,337811433.9
300678,中科信息,70001718.55
300679,电连技术,728434675.5
300680,隆盛科技,83928500.76
300681,英搏尔,278218178.63
300682,朗新科技,81054749.12
300683,海特生物,70270148.79
300684,中石科技,2725679796.72
300685,艾德生物,281311845.25
300686,智动力,74237035.0
300687,赛意信息,367392624.33
300688,创业黑马,300585009.58
300689,澄天伟业,313433038.66
300690,双一科技,377165460.42
300691,联合光电,640362716.37
300692,中赋科技,111151797.6
300693,盛弘股份,344844160.74
300694,蠡湖股份,31842963.0
300695,兆丰股份,79783993.7
300696,爱乐达,98251803.71
300697,电工合金,151636277.78
300698,万马科技,69890554.56
300699,光威复材,191659738.47
300700,岱勒新材,138975567.56
300701,森霸传感,29044724.19
300702,天宇股份,76012269.3
300703,创源股份,77518950.56
300705,九典制药,41541611.77
300706,阿石创,274141552.28
300707,威唐工业,28547546.0
300708,聚灿光电,349255510.68
300709,精研科技,251260668.22
300710,万隆光电,123594376.0
300711,广哈通信,125751257.15
300712,永福股份,32939358.56
300713,英可瑞,32114603.8
300715,凯伦股份,214551452.22
300716,*ST泉为,28406270.0
300717,华信新材,72978411.0
300718,长盛轴承,724648941.57
300719,安达维尔,30437117.59
300720,海川智能,486388986.02
300721,怡达股份,122755499.8
300722,新余国科,41601334.12
300723,一品红,107429664.76
300724,捷佳伟创,358263801.51
300725,药石科技,984172667.22
300726,宏达电子,622999924.6
300727,润禾材料,149650073.8
300728,天常股份,0.0
300729,乐歌股份,59126592.78
300730,科创信息,41427589.0
300731,科创新源,538394456.73
300732,设研院,23927568.91
300733,西菱动力,58507777.68
300735,光弘科技,236035296.81
300736,百邦科技,155585826.0
300737,科顺股份,120773635.36
300738,奥飞数据,427734643.07
300739,明阳电路,556112884.32
300740,水羊股份,766982780.09
300741,华宝股份,670326063.53
300742,越博退,0.0
300743,天地数码,26759820.28
300745,欣锐科技,172400823.62
300746,汉嘉数智,101008697.3
300747,锐科激光,755651427.3
300748,金力永磁,322636226.01
300749,顶固集创,119789249.0
300750,宁德时代,9829828126.97
300751,迈为股份,793032911.93
300752,隆利科技,92118978.78
300753,爱朋医疗,76337078.7
300755,华致酒行,107072551.24
300756,金马游乐,169513270.91
300757,罗博特科,3283478964.04
300758,七彩化学,61840445.03
300759,康龙化成,1453853325.24
300760,迈瑞医疗,1418129428.71
300761,立华股份,232202108.2
300762,上海瀚讯,360445126.87
300763,锦浪科技,475319190.79
300765,石药创新,401732870.53
300766,每日互动,199242618.27
300767,震安科技,230761733.22
300768,迪普科技,125403238.26
300769,德方纳米,323001567.48
300770,新媒股份,119844211.38
300771,智莱科技,34233222.5
300772,运达股份,333915198.87
300773,拉卡拉,294881468.18
300774,倍杰特,60315919.28
300775,三角防务,160183500.94
300776,帝尔激光,2425461588.61
300777,中简科技,160614480.3
300778,新城市,56234144.9
300779,惠城环保,317143901.85
300780,德恩精工,80907371.0
300781,因赛集团,68557282.43
300782,卓胜微,878896440.94
300783,三只松鼠,94246103.59
300784,利安科技,22110267.01
300785,值得买,250766481.31
300786,国林科技,89417268.36
300787,海能实业,96836637.68
300788,中信出版,329972892.89
300789,唐源电气,36965515.08
300790,宇瞳光学,523248170.03
300791,仙乐健康,13736347.98
300792,壹网壹创,179690245.0
300793,佳禾智能,54170549.76
300795,米奥会展,211068286.7
300796,贝斯美,23537975.0
300797,钢研纳克,45052919.54
300798,锦鸡股份,185575639.64
300799,左江退,0.0
300800,力合科技,32110991.0
300801,泰和科技,56985184.79
300802,矩子科技,220767893.96
300803,指南针,876761875.99
300804,广康生化,41839677.25
300805,电声股份,109431637.28
300806,斯迪克,1314111964.42
300807,天迈科技,30876635.72
300808,久量股份,59825905.7
300809,华辰装备,60071498.59
300810,中科海讯,32393266.75
300811,铂科新材,1126047662.49
300812,易天股份,122891537.22
300813,泰林生物,60652382.2
300814,中富电路,692578828.33
300815,玉禾田,61441024.63
300816,艾可蓝,144227253.5
300817,双飞集团,160403127.2
300818,耐普矿机,43802147.1
300819,聚杰微纤,161014836.5
300820,英杰电气,395196922.62
300821,东岳硅材,505024278.03
300822,贝仕达克,24614455.0
300823,建科智能,30586327.98
300824,北鼎股份,87329545.04
300825,阿尔特,367056572.86
300826,测绘股份,82623054.18
300827,上能电气,177099044.77
300828,锐新科技,236853715.23
300829,金丹科技,1029834224.37
300830,金现代,62003670.02
300831,ST派瑞,51875518.9
300832,新产业,228719515.24
300833,浩洋股份,106219126.84
300834,星辉环材,64078644.73
300835,龙磁科技,554481953.25
300836,佰奥智能,110728170.38
300837,浙矿股份,37387737.83
300838,浙江力诺,29873798.98
300839,博汇股份,66639218.4
300840,酷特智能,129075887.0
300841,康华生物,137813702.56
300842,帝科股份,411228075.5
300843,胜蓝股份,749383012.84
300844,山水比德,52069124.48
300845,捷安高科,120540234.54
300846,首都在线,331465272.7
300847,中船汉光,138119686.84
300848,美瑞新材,32152381.81
300849,锦盛新材,77078781.5
300850,新强联,699015168.78
300851,交大思诺,32510135.0
300852,四会富仕,773750743.29
300853,申昊科技,131342038.94
300854,中兰环保,38848643.36
300855,图南股份,122001303.65
300856,科思股份,19143392.56
300857,协创数据,3884473011.98
300858,科拓生物,37535805.6
300859,西域旅游,87809371.0
300860,锋尚文化,71716752.02
300861,美畅股份,120852704.71
300862,蓝盾光电,1725556939.64
300863,卡倍亿,304970623.87
300864,南大环境,86903149.71
300865,大宏立,152949702.4
300866,安克创新,449135960.74
300867,圣元环保,74706265.35
300868,杰美特,262055271.0
300869,康泰医学,36636590.09
300870,欧陆通,1124914016.53
300871,回盛生物,72832050.97
300872,天阳科技,119412752.92
300873,海晨股份,212065073.14
300875,捷强装备,53298475.74
300876,蒙泰高新,35755807.94
300877,金春股份,40888013.1
300878,维康药业,49291901.44
300879,大叶股份,61622856.75
300880,迦南智能,50746579.24
300881,盛德鑫泰,31596912.45
300882,万胜智能,17769625.99
300883,龙利得,29359866.26
300884,狄耐克,49594946.45
300885,海昌新材,43782676.42
300886,华业香料,29731267.42
300887,谱尼测试,45619739.63
300888,稳健医疗,56163854.93
300889,爱克股份,113287053.82
300890,翔丰华,87029961.28
300891,惠云钛业,29142121.0
300892,品渥食品,34211615.3
300893,松原安全,38931737.9
300894,火星人,44833539.58
300895,铜牛信息,405203432.14
300896,爱美客,153302909.57
300897,山科智能,101004696.55
300898,熊猫乳品,114748621.28
300899,上海凯鑫,22162597.0
300900,广联航空,213217022.46
300901,中胤时尚,111245925.85
300902,国安达,133532196.43
300903,科翔股份,1758826240.93
300904,威力传动,203339701.64
300905,宝丽迪,265203997.53
300906,日月明,26140632.22
300907,康平科技,229300193.86
300908,仲景食品,44031044.58
300909,汇创达,388106823.4
300910,瑞丰新材,103682583.48
300911,亿田智能,285875868.17
300912,凯龙高科,48049395.04
300913,兆龙互连,530588416.54
300915,海融科技,67115980.62
300916,朗特智能,96482888.39
300917,特发服务,458293242.41
300918,南山智尚,95244013.41
300919,中伟新材,260428335.61
300920,润阳科技,48891901.93
300921,南凌科技,89120897.72
300922,天秦装备,86392426.04
300923,研奥股份,35746293.09
300925,法本信息,54005770.9
300926,博俊科技,39717238.0
300927,江天化学,144523499.07
300928,华安鑫创,41549167.78
300929,华骐环保,35764403.63
300930,屹通新材,37083437.42
300931,通用电梯,399789641.12
300932,三友联众,118010431.73
300933,中辰股份,52742354.54
300935,盈建科,41935205.23
300936,中英科技,224023932.94
300937,药易购,51789443.11
300938,信测标准,339638648.27
300939,秋田微,613510539.89
300940,南极光,38515480.61
300941,创识科技,44409990.53
300942,易瑞生物,20979606.02
300943,春晖智控,355384523.71
300945,曼卡龙,58397310.85
300946,恒而达,34599723.85
300947,德必集团,63648859.78
300948,冠中生态,117063692.9
300949,奥雅股份,21814955.05
300950,德固特,50337401.88
300951,博硕科技,611783272.56
300952,恒辉安防,96005199.13
300953,震裕科技,461013124.34
300955,嘉亨家化,35570754.27
300956,英力股份,42629733.7
300957,贝泰妮,149981582.98
300958,建工修复,32049624.61
300959,线上线下,224591735.52
300960,通业科技,108168399.82
300961,深水海纳,39553455.46
300962,中金辐照,19255538.17
300963,中洲特材,49368622.13
300964,本川智能,460725824.26
300965,恒宇信通,20966830.34
300966,共同药业,52752212.48
300967,晓鸣股份,45910019.3
300968,格林精密,47309764.13
300969,恒帅股份,131653053.48
300970,华绿生物,118662106.19
300971,博亚精工,33580329.54
300972,万辰集团,215510031.32
300973,立高食品,41258077.37
300975,商络电子,785210179.4
300976,达瑞电子,284499899.45
300977,深圳瑞捷,75232868.77
300978,东箭科技,29974897.41
300979,华利集团,157251093.66
300980,祥源新材,60968052.54
300981,中红医疗,610230543.32
300982,苏文电能,23687303.34
300983,尤安设计,25586361.26
300984,金沃股份,103268335.4
300985,致远新能,117120795.62
300986,志特新材,195376788.07
300987,川网传媒,84782413.61
300988,津荣天宇,58221627.25
300989,蕾奥规划,45023245.06
300990,同飞股份,472939954.23
300991,创益通,129164195.35
300992,泰福泵业,73768346.4
300993,玉马科技,26641462.75
300994,久祺股份,29332829.25
300995,奇德新材,35199571.85
300996,普联软件,167044422.82
300997,欢乐家,88648585.5
300998,宁波方正,167203450.68
300999,金龙鱼,187354593.91
301000,肇民科技,80890250.5
301001,凯淳股份,29224888.64
301002,崧盛股份,70353431.17
301003,江苏博云,110921577.11
301004,嘉益股份,177021162.49
301005,超捷股份,326821628.76
301006,迈拓股份,21483746.61
301007,德迈仕,70453285.6
301008,宏昌科技,618113205.49
301009,可靠股份,20612061.7
301010,晶雪节能,76912094.0
301011,华立科技,50806570.87
301012,扬电科技,72462023.62
301013,利和兴,506171213.75
301015,百洋医药,114665982.64
301016,雷尔伟,80895584.38
301017,漱玉平民,85230592.11
301018,申菱环境,885696622.84
301019,宁波色母,22031393.7
301020,密封科技,158254767.03
301021,英诺激光,675595184.06
301022,海泰科,20051543.57
301023,奕帆传动,33207852.94
301024,霍普股份,31687802.26
301025,读客文化,104411919.43
301026,浩通科技,81010402.97
301027,华蓝集团,71201777.82
301028,鼎熔岩,97216638.38
301029,怡合达,156341815.08
301030,*ST仕净,86220779.6
301031,中熔电气,222327165.74
301032,新柴股份,40732336.4
301033,迈普医学,45101546.48
301035,润丰股份,80447519.56
301036,双乐股份,21025428.51
301037,保立佳,26272687.86
301038,深水规院,55077268.6
301039,中集车辆,73516696.18
301040,中环海陆,31076537.0
301041,金百泽,443794860.05
301042,安联锐视,82994007.45
301043,绿岛风,42742014.04
301045,天禄科技,241531570.45
301046,能辉科技,235814779.38
301047,义翘神州,1678614572.44
301048,金鹰重工,22522416.63
301049,超越科技,19722683.97
301050,雷电微力,77914800.26
301051,信濠光电,97758317.96
301052,果麦文化,90166945.06
301053,远信工业,81440882.7
301055,张小泉,93673213.03
301056,森赫股份,46405345.0
301057,汇隆新材,103566935.7
301058,中粮科工,57540708.35
301059,金三江,47763656.36
301060,兰卫医学,161363454.25
301061,匠心家居,112711572.01
301062,上海艾录,30199624.03
301063,海锅股份,49918360.57
301065,本立科技,29242795.17
301066,万事利,59869577.73
301067,显盈科技,124320119.31
301068,大地海洋,36217003.33
301069,凯盛新材,51494664.1
301070,开勒股份,186384592.19
301071,力量钻石,1122624121.11
301072,中捷精工,214034494.63
301073,君亭酒店,88368346.23
301075,多瑞医药,57861052.0
301076,新瀚新材,68426756.43
301077,星华新材,25885176.76
301078,孩子王,71757846.83
301079,邵阳液压,125999009.87
301080,百普赛斯,1792788787.62
301081,严牌股份,186063991.39
301082,久盛电气,32579030.56
301083,百胜智能,31682970.42
301085,亚康股份,479291580.36
301086,鸿富瀚,593156856.03
301087,可孚医疗,71378299.51
301088,戎美股份,15927815.5
301089,拓新药业,68105230.92
301090,华润材料,40007184.89
301091,深城交,110339351.07
301092,争光股份,72818712.04
301093,华兰股份,441389450.27
301095,广立微,344193465.42
301096,百诚医药,183266176.67
301097,天益医疗,19257373.18
301098,金埔园林,47019361.18
301099,雅创电子,1266320841.3
301100,风光股份,69783881.96
301101,明月镜片,44497124.95
301102,兆讯传媒,17261434.28
301103,何氏眼科,26673802.09
301105,鸿铭股份,20188446.0
301106,骏成科技,42540634.29
301107,瑜欣电子,81079123.1
301108,洁雅股份,227371571.13
301109,军信股份,41484489.1
301110,青木科技,74141687.05
301111,粤万年青,82039000.51
301112,信邦智能,21148786.0
301113,雅艺科技,25820277.35
301115,联检科技,415264064.76
301116,益客食品,46326894.84
301117,ST佳缘,111957632.11
301118,恒光股份,58125810.72
301119,正强股份,97574052.87
301120,新特电气,69740946.19
301121,紫建电子,42158585.99
301122,采纳股份,629039266.54
301123,奕东电子,435049935.27
301125,腾亚精工,72970860.8
301126,达嘉维康,34113329.52
301127,武汉天源,357425696.66
301128,强瑞技术,532262128.97
301129,瑞纳智能,38896181.56
301130,西点药业,124630707.2
301131,聚赛龙,27753533.39
301132,满坤科技,861479161.87
301133,金钟股份,51848616.75
301135,瑞德智能,26289187.94
301136,招标股份,388172666.64
301137,哈焊华通,57103738.32
301138,华研精机,32180283.08
301139,*ST元道,0.0
301141,中科磁业,82667870.76
301148,嘉戎技术,63442118.22
301149,隆华新材,254170650.21
301150,中一科技,1310113044.49
301151,冠龙节能,82985319.62
301152,天力锂能,58072755.35
301153,中科江南,48586995.0
301155,海力风电,238861539.0
301156,美农生物,37412474.5
301157,华塑科技,40847362.33
301158,德石股份,39322593.1
301159,三维天地,45211431.4
301160,翔楼新材,222456075.34
301161,唯万密封,79435081.66
301162,国能日新,46983384.91
301163,宏德股份,35366651.99
301165,锐捷网络,1268484293.41
301166,优宁维,99237305.9
301167,建研设计,27105302.94
301168,通灵股份,34566892.61
301169,零点有数,72345182.95
301170,锡南科技,17712930.84
301171,易点天下,1058126774.2
301172,君逸数码,90626774.29
301173,毓恬冠佳,18635782.66
301175,中科环保,50715208.51
301176,逸豪新材,723595918.04
301177,迪阿股份,24335018.7
301178,天亿马,84309188.52
301179,泽宇智能,76532498.2
301180,万祥科技,41972296.0
301181,标榜股份,62392551.88
301182,凯旺科技,224664412.88
301183,东田微,1535423369.94
301185,鸥玛软件,28132317.82
301186,超达装备,114975398.38
301187,欧圣电气,98892040.55
301188,力诺药包,614145146.03
301189,奥尼电子,566480174.25
301190,善水科技,382851175.88
301191,菲菱科思,319182713.62
301192,泰祥股份,20598354.92
301193,家联科技,171511037.35
301195,北路智控,31502815.0
301196,唯科科技,386237642.64
301197,工大科雅,60744796.64
301198,喜悦智行,68633990.0
301199,迈赫股份,15475234.11
301200,大族数控,638563576.16
301201,诚达药业,205490359.46
301202,朗威股份,59313860.96
301203,国泰环保,23716994.0
301205,联特科技,2653691712.89
301206,三元生物,56093670.23
301207,华兰疫苗,261297630.24
301208,中亦科技,29532155.23
301209,联合化学,199334348.66
301210,金杨精密,118344181.48
301211,亨迪药业,143075662.88
301212,联盛化学,27331247.0
301213,观想科技,84798903.64
301215,中汽股份,51907415.37
301216,万凯新材,201594655.46
301217,铜冠铜箔,2444190957.36
301218,华是科技,946245833.0
301219,腾远钴业,186800158.31
301220,亚香股份,58251542.14
301221,光庭信息,33157119.14
301222,浙江恒威,52487163.31
301223,中荣股份,18440803.77
301225,恒勃股份,182037593.41
301226,祥明智能,188655217.55
301227,森鹰窗业,116843650.06
301228,实朴检测,101731648.0
301229,纽泰格,40362407.4
301230,泓博医药,573397841.75
301231,荣信文化,97377800.14
301232,飞沃科技,285768814.85
301233,盛帮股份,60710565.84
301234,五洲医疗,368775986.13
301235,华康洁净,302399086.89
301236,软通动力,440707083.25
301237,和顺科技,79378694.15
301238,瑞泰新材,95571638.6
301239,普瑞眼科,71893676.37
301246,宏源药业,95731527.9
301248,杰创智能,187614367.98
301251,威尔高,1059814190.84
301252,同星科技,103553519.73
301255,通力科技,19375350.99
301256,华融化学,34179241.13
301257,普蕊斯,130854676.43
301258,富士莱,26152857.61
301259,艾布鲁,109941141.69
301260,格力博,24001401.4
301261,恒工精密,76958955.12
301262,海看股份,161150700.57
301263,泰恩康,129221879.39
301265,华新科技,200567869.76
301266,宇邦新材,69341082.1
301267,华厦眼科,31924574.57
301268,铭利达,36909861.65
301269,华大九天,355546583.47
301270,汉仪股份,50979670.0
301272,英华特,27019845.09
301273,瑞晨环保,74934823.8
301275,汉朔科技,138111305.66
301276,嘉曼服饰,34027983.05
301277,新天地,31192804.27
301278,快可电子,30802347.0
301279,金道科技,51076075.28
301280,珠城科技,113458169.83
301281,科源制药,114465006.64
301282,金禄电子,605233222.48
301283,聚胶股份,15774356.92
301285,鸿日达,201261914.27
301286,侨源股份,58591744.0
301287,康力源,31415410.0
301288,清研环境,23875516.13
301289,国缆检测,45340995.82
301290,东星医疗,55469014.0
301291,明阳电气,207766949.18
301292,海科新源,207203058.12
301293,三博脑科,163761244.55
301295,美硕科技,38404676.92
301296,新巨丰,13242548.6
301297,富乐德,1360443900.9
301298,东利机械,17303840.54
301299,卓创资讯,51791996.06
301300,远翔新材,38886814.84
301301,川宁生物,65638356.01
301302,华如科技,80036498.41
301303,真兰仪表,63170805.84
301305,朗坤科技,158481585.5
301306,西测测试,327275827.53
301307,美利信,417139524.16
301308,江波龙,2868279181.74
301309,万得凯,23787949.64
301310,鑫宏业,458809624.21
301311,昆船智能,740836892.62
301312,智立方,463654125.79
301313,凡拓数创,85894628.95
301314,科瑞思,48117114.1
301315,威士顿,77963544.56
301316,慧博云通,764205676.99
301317,鑫磊股份,114009875.0
301318,维海德,17984408.03
301319,唯特偶,612033531.07
301320,豪江智能,28876981.24
301321,翰博高新,355597107.5
301322,绿通科技,243842065.32
301323,新莱福,115874268.07
301325,曼恩斯特,66926530.0
301326,捷邦科技,186085223.77
301327,华宝新能,27113628.0
301328,维峰电子,139561323.37
301329,信音电子,68320385.53
301330,熵基科技,72984068.55
301331,恩威医药,23796338.71
301332,德尔玛,34787024.45
301333,诺思格,148899883.27
301335,天元宠物,72863013.55
301336,趣睡科技,51435924.93
301337,亚华电子,47773585.71
301338,凯格精机,583173085.22
301339,通行宝,241779396.66
301345,涛涛车业,150594246.58
301348,蓝箭电子,137752750.74
301349,信德新材,151204982.5
301353,普莱得,38741257.6
301355,南王科技,50642574.28
301356,天振股份,81879949.15
301357,北方长龙,208328081.98
301358,湖南裕能,538411421.29
301359,东南电子,37611306.0
301360,荣旗科技,143810884.09
301361,众智科技,20942467.77
301362,民爆光电,280475095.31
301363,美好医疗,121242183.94
301365,矩阵股份,102680482.18
301366,一博科技,1231913813.17
301367,瑞迈特,75697349.98
301368,丰立智能,61569307.62
301369,联动科技,792802212.82
301370,国科恒泰,14529184.84
301371,敷尔佳,32253810.12
301372,科净源,57767217.3
301373,凌玮科技,1040500074.48
301376,致欧科技,91705203.51
301377,鼎泰高科,1168630434.66
301378,通达海,41500440.57
301379,天山电子,178963227.09
301380,挖金客,82213513.04
301381,赛维时代,119162736.42
301382,蜂助手,486847202.63
301383,天键股份,27058092.28
301386,未来电器,31461074.0
301387,光大同创,118075735.42
301388,欣灵电气,31599427.74
301389,隆扬电子,507221257.18
301390,经纬股份,215366552.46
301391,卡莱特,57129509.38
301392,汇成真空,674942147.81
301393,昊帆生物,235257229.57
301395,仁信新材,49850024.42
301396,宏景科技,1533134613.27
301397,溯联股份,41290894.45
301398,星源卓镁,100113190.16
301399,英特科技,75900463.02
301408,华人健康,125650418.16
301413,安培龙,166803782.15
301418,协昌科技,37967936.0
301419,阿莱德,248589568.03
301421,波长光电,237446733.28
301428,世纪恒通,47854477.18
301429,森泰股份,33916726.02
301439,泓淋电力,44125767.9
301446,福事特,33271005.97
301448,开创电气,129451904.3
301449,天溯计量,44534477.41
301456,盘古智能,118667908.69
301458,钧崴电子,240300228.23
301459,丰茂股份,22641642.62
301468,博盈特焊,102980820.77
301469,恒达新材,23735450.0
301479,弘景光电,108553729.26
301486,致尚科技,1270814807.6
301487,盟固利,135043038.68
301488,豪恩汽电,90770576.25
301489,思泉新材,559756561.85
301491,汉桑科技,20886578.05
301498,乖宝宠物,153991045.95
301499,维科精密,65786423.75
301500,飞南资源,262729851.67
301501,恒鑫生活,26740596.44
301502,华阳智能,37366311.32
301503,智迪科技,19951941.8
301505,苏州规划,38933956.52
301507,民生健康,47441395.3
301508,中机认检,17977837.15
301509,金凯生科,73456480.94
301510,固高科技,164235712.15
301511,德福科技,2725705281.77
301512,智信精密,32297696.0
301513,尚水智能,36899124.63
301515,港通医疗,28398749.63
301516,中远通,108976582.23
301517,陕西华达,134306137.46
301518,长华化学,43221132.57
301519,舜禹股份,23286219.1
301520,万邦医药,711394903.48
301522,上大股份,88198404.07
301525,儒竞科技,49553595.89
301526,国际复材,2292820764.57
301528,多浦乐,88862587.41
301529,福赛科技,533260023.54
301531,春光集团,168721359.17
301533,威马农机,24425284.96
301535,浙江华远,26046384.29
301536,星宸科技,1622203409.35
301538,骏鼎达,51983405.73
301539,宏鑫科技,18492169.62
301548,崇德科技,76062774.12
301550,斯菱智驱,853803005.31
301551,无线传媒,135854406.96
301552,科力装备,18625751.62
301555,惠柏新材,68931960.36
301556,托普云农,62059346.94
301557,常友科技,123755914.19
301558,三态股份,160769590.5
301559,中集环科,11640056.4
301560,众捷股份,295241812.23
301563,云汉芯城,147699886.96
301565,中仑新材,74170132.04
301566,达利凯普,566246976.6
301567,贝隆精密,37547502.54
301568,思泰克,324764296.4
301569,联亚药业,0.0
301571,国科天成,359538137.63
301575,艾芬达,89024114.33
301577,美信科技,70046591.0
301578,辰奕智能,23425965.04
301580,爱迪特,369320167.31
301581,黄山谷捷,25933731.0
301583,托伦斯,1627681002.23
301584,建发致新,68158287.04
301585,蓝宇股份,16159091.77
301586,佳力奇,25300597.48
301587,中瑞股份,122765513.3
301588,美新科技,84356968.57
301589,诺瓦星云,111493819.81
301590,优优绿能,50394109.8
301591,肯特股份,274897917.05
301592,六九一二,122596807.2
301595,太力科技,114937236.39
301596,瑞迪智驱,63637275.02
301598,博科测试,24919420.03
301599,理奇智能,80486939.45
301600,慧翰股份,53149144.78
301601,惠通科技,195810391.21
301602,超研股份,41114457.08
301603,乔锋智能,196463700.72
301606,绿联科技,202945763.91
301607,富特科技,356494817.71
301608,博实结,120185275.64
301609,山大电力,27539148.14
301611,珂玛科技,490697804.74
301613,新铝时代,21883910.33
301616,浙江华业,47463427.01
301617,博苑新材,110230185.21
301618,长联科技,20227250.71
301622,英思特,36623309.14
301626,苏州天脉,898514919.9
301628,强达电路,464688339.48
301629,矽电股份,248210347.2
301630,同宇新材,376882915.73
301631,壹连科技,113987804.53
301632,广东建科,36015630.9
301633,港迪技术,101771622.08
301636,泽润新能,50061745.25
301638,南网数字,114534556.16
301655,绿控传动,261736830.26
301656,联合动力,83989953.42
301658,首航新能,50498757.33
301660,粤芯半导体,0.0
301662,宏工科技,140617650.51
301665,泰禾股份,20574004.44
301666,大普微,732387498.64
301667,纳百川,79199362.59
301668,昊创瑞通,56848120.37
301669,高特电子,133306412.81
301677,欣兴工具,279950724.87
301678,新恒汇,494500787.09
301680,固德电材,103903352.67
301682,宏明电子,470287693.91
301683,慧谷新材,93174622.74
301686,C中塑,989427009.48
301687,新广益,129456835.01
301688,格林生物,268489830.41
301689,电科思仪,2601726949.97
301696,三瑞智能,112052265.09
301697,贝特利,418592545.23
301699,洛轴股份,1710375614.93
301707,展芯股份,382306230.06
301716,鸿富诚,0.0
301717,超纯应材,779447559.47
301718,通则康威,0.0
600000,浦发银行,1080846770.0
600001,邯郸钢铁,0.0
600002,齐鲁石化,0.0
600003,ST东北高,0.0
600004,白云机场,66313425.0
600005,武钢股份,0.0
600006,东风股份,483300876.0
600007,中国国贸,41128505.0
600008,首创环保,165475437.0
600009,上海机场,115124595.0
600010,包钢股份,478959315.0
600011,华能国际,877581443.0
600012,皖通高速,54997816.0
600015,华夏银行,482475575.0
600016,民生银行,628819777.0
600017,日照港,63748145.0
600018,上港集团,241714042.0
600019,宝钢股份,455309231.0
600020,中原高速,52702014.0
600021,上海电力,252861820.0
600022,山东钢铁,116640938.0
600023,浙能电力,254254787.0
600025,华能水电,354547866.0
600026,中远海能,1149720039.0
600027,华电国际,355376356.0
600028,中国石化,1214709112.0
600029,南方航空,214093367.0
600030,中信证券,2171584665.0
600031,三一重工,956687649.0
600032,浙江新能,441559885.0
600033,福建高速,239209429.0
600035,楚天高速,47029854.0
600036,招商银行,2212107699.0
600037,歌华有线,90023955.0
600038,中直股份,113947415.0
600039,四川路桥,125559495.0
600048,保利发展,820036466.0
600050,中国联通,439859445.0
600051,宁波联合,26902160.0
600052,东望时代,49443798.0
600053,*ST九鼎,24004282.0
600054,黄山旅游,47518288.0
600055,万东医疗,39240861.0
600056,中国医药,64242129.0
600057,厦门象屿,97665746.0
600058,五矿发展,99895824.0
600059,古越龙山,1451543228.0
600060,海信视像,200214006.0
600061,国投资本,194753706.0
600062,华润双鹤,72309978.0
600063,皖维高新,180497679.0
600064,南京高科,102837323.0
600065,*ST联谊,0.0
600066,宇通客车,571596768.0
600067,冠城新材,83423079.0
600068,葛洲坝,0.0
600069,退市银鸽,0.0
600070,*ST富润,0.0
600071,凤凰光学,40418239.0
600072,中船科技,101132891.0
600073,光明肉业,41808042.0
600074,退市保千,0.0
600075,新疆天业,55809646.0
600076,康欣新材,70618139.0
600077,*ST宋都,0.0
600078,澄星股份,98360744.0
600079,ST人福,140678250.0
600080,ST金花,7626921.0
600081,东风科技,68107206.0
600082,ST海泰,42707885.0
600083,*ST博信,0.0
600084,*ST尼雅,8717207.0
600085,同仁堂,77840586.0
600086,退市金钰,0.0
600087,退市长油,0.0
600088,中视传媒,163589977.0
600089,特变电工,816633815.0
600090,退市济堂,0.0
600091,退市明科,0.0
600092,S*ST精密,0.0
600093,退市易见,0.0
600094,大名城,137635872.0
600095,湘财股份,343978435.0
600096,云天化,380470210.0
600097,开创国际,23661127.0
600098,广州发展,102074445.0
600099,林海股份,31359731.0
600100,同方股份,200783556.0
600101,明星电力,56499622.0
600102,莱钢股份,0.0
600103,青山纸业,431244769.0
600104,上汽集团,403218127.0
600105,永鼎股份,3727708423.0
600106,重庆路桥,50374307.0
600107,*ST尔雅,4280687.0
600108,亚盛集团,569193364.0
600109,国金证券,158183502.0
600110,诺德股份,1358363279.0
600111,北方稀土,1450132854.0
600112,*ST天成,0.0
600113,浙江东日,89680278.0
600114,东睦股份,362159701.0
600115,中国东航,505188315.0
600116,三峡水利,60399333.0
600117,西宁特钢,25302059.0
600118,中国卫星,1121260028.0
600119,*ST长投,10152497.0
600120,浙江东方,99291964.0
600121,郑州煤电,997821833.0
600122,*ST宏图,0.0
600123,兰花科创,122688907.0
600125,铁龙物流,39151024.0
600126,杭钢股份,152040188.0
600127,金健米业,558224545.0
600128,苏豪弘业,26284797.0
600129,太极集团,83310829.0
600130,波导股份,78543391.0
600131,国网信通,63757008.0
600132,重庆啤酒,75988240.0
600133,东湖高新,79544644.0
600135,乐凯胶片,59261562.0
600136,ST明诚,11513760.0
600137,浪莎股份,23388786.0
600138,中青旅,38768156.0
600139,*ST西源,0.0
600141,兴发集团,458312548.0
600143,金发科技,228002936.0
600145,退市新亿,0.0
600146,退市环球,0.0
600148,长春一东,20346846.0
600149,廊坊发展,34558859.0
600150,中国船舶,3763788423.0
600151,航天机电,147580582.0
600152,维科技术,94794421.0
600153,建发股份,125270530.0
600155,华创云信,115639800.0
600156,华升股份,319273991.0
600157,永泰能源,595756510.0
600158,中体产业,108274413.0
600159,大龙地产,41831741.0
600160,巨化股份,891824083.0
600161,天坛生物,101891464.0
600162,香江控股,409237239.0
600163,中闽能源,253289575.0
600165,宁科生物,101271232.0
600166,福田汽车,178407468.0
600167,联美控股,31759618.0
600168,武汉控股,16953136.0
600169,ST太重,15265374.0
600170,上海建工,221064933.0
600171,上海贝岭,190341897.0
600172,黄河旋风,3846752065.0
600173,卧龙新能,25616341.0
600175,退市美都,0.0
600176,中国巨石,8699119125.0
600177,雅戈尔,205749593.0
600178,东安动力,215919603.0
600179,安通控股,93012223.0
600180,*ST瑞茂,17158363.0
600181,S*ST云大,0.0
600182,S佳通,18512262.0
600183,生益科技,6066528475.0
600184,光电股份,394032458.0
600185,珠免集团,87006563.0
600186,莲花控股,2684765636.0
600187,*ST国中,15476345.0
600188,兖矿能源,456820507.0
600189,泉阳泉,378853122.0
600190,退市锦港,0.0
600191,华资实业,58445987.0
600192,长城电工,73528410.0
600193,退市创兴,0.0
600195,中牧股份,47642374.0
600196,复星医药,569733074.0
600197,伊力特,24568066.0
600198,大唐电信,91872384.0
600199,金种子酒,158230216.0
600200,退市苏吴,0.0
600201,生物股份,131945428.0
600202,哈空调,24694414.0
600203,福日电子,119827916.0
600205,S山东铝,0.0
600206,有研新材,5646923383.0
600207,安彩高科,453460367.0
600208,衢州发展,197183379.0
600209,退市罗顿,0.0
600210,紫江企业,83802505.0
600211,西藏药业,78201103.0
600212,绿能慧充,91786576.0
600213,*ST亚星,0.0
600215,派斯林,36047772.0
600216,浙江医药,126449547.0
600217,中再资环,28482620.0
600218,全柴动力,108964294.0
600219,南山铝业,547802902.0
600220,ST阳光,0.0
600221,海航控股,315257285.0
600222,太龙药业,129147471.0
600223,福瑞达,43287224.0
600225,退市卓朗,0.0
600226,亨通股份,586909977.0
600227,赤天化,457531760.0
600228,返利科技,339984469.0
600229,城市传媒,43970844.0
600230,沧州大化,328041367.0
600231,凌钢股份,52990096.0
600232,金鹰股份,112327105.0
600233,圆通速递,362626862.0
600234,科新发展,60609193.0
600235,民丰特纸,34580375.0
600236,桂冠电力,135711102.0
600237,铜峰电子,346468239.0
600238,ST椰岛,11674706.0
600239,ST云城,22388855.0
600240,退市华业,0.0
600241,时代万恒,144470308.0
600242,退市中昌,0.0
600243,*ST海华,26396043.0
600246,万通发展,1527563083.0
600247,*ST成城,0.0
600248,陕建股份,37888387.0
600249,两面针,36004989.0
600250,南京商旅,61680652.0
600251,冠农股份,339972423.0
600252,中恒集团,100647038.0
600253,天方药业,0.0
600255,鑫科材料,197787504.0
600256,广汇能源,708473572.0
600257,大湖股份,62181530.0
600258,首旅酒店,107062348.0
600259,中稀有色,641529921.0
600260,*ST凯乐,0.0
600261,阳光照明,85600670.0
600262,北方股份,48187843.0
600263,路桥建设,0.0
600265,*ST景谷,16698866.0
600266,城建发展,125992266.0
600267,海正药业,232646820.0
600268,国电南自,110093860.0
600269,赣粤高速,52055862.0
600270,外运发展,0.0
600271,航天信息,62715215.0
600272,开开实业,367585673.0
600273,嘉化能源,60677348.0
600275,退市昌鱼,0.0
600276,恒瑞医药,1654109658.0
600277,ST亿利,0.0
600278,东方创业,26020945.0
600279,重庆港,22063908.0
600280,中央商场,80152423.0
600281,华阳新材,68129673.0
600282,南钢股份,157918678.0
600283,钱江水利,18350573.0
600284,浦东建设,42619690.0
600285,羚锐制药,98684646.0
600286,S*ST国瓷,0.0
600287,苏豪时尚,17485151.0
600288,大恒科技,108357028.0
600289,ST信通,6200252.0
600290,*ST华仪,0.0
600291,退市西水,0.0
600292,电投水电,106691044.0
600293,三峡新材,824681132.0
600295,鄂尔多斯,92120260.0
600296,S兰铝,0.0
600297,广汇汽车,0.0
600298,安琪酵母,413354371.0
600299,安迪苏,310463887.0
600300,维维股份,79346949.0
600301,华锡有色,663313209.0
600302,ST标准,26869881.0
600303,曙光股份,81567436.0
600305,恒顺醋业,41206526.0
600306,退市商城,0.0
600307,酒钢宏兴,49088009.0
600308,华泰股份,24197363.0
600309,万华化学,1259915646.0
600310,广西能源,212677950.0
600311,*ST荣华,0.0
600312,平高电气,456967854.0
600313,农发种业,259153005.0
600315,上海家化,88790702.0
600316,洪都航空,276173363.0
600317,营口港,0.0
600318,新力金融,112752324.0
600319,亚星化学,17589432.0
600320,振华重工,120382199.0
600321,正源股份,0.0
600322,津投城开,59104495.0
600323,瀚蓝环境,145214623.0
600325,华发股份,259726327.0
600326,西藏天路,144517120.0
600327,大东方,37910882.0
600328,中盐化工,65552010.0
600329,达仁堂,59012542.0
600330,天通股份,2409603115.0
600331,宏达股份,348071815.0
600332,白云山,88381764.0
600333,长春燃气,52089169.0
600335,国机汽车,76261292.0
600336,澳柯玛,32061901.0
600337,ST美克,104453590.0
600338,西藏珠峰,251176039.0
600339,中油工程,102940978.0
600340,*ST华幸,231359037.0
600343,航天动力,1057333807.0
600345,长江通信,478183194.0
600346,恒力石化,484743224.0
600348,华阳股份,159140169.0
600350,山东高速,85670702.0
600351,亚宝药业,159220604.0
600352,浙江龙盛,434490354.0
600353,旭光电子,1445828491.0
600354,敦煌种业,627040249.0
600355,*ST精伦,0.0
600356,恒丰纸业,542744871.0
600357,承德钒钛,0.0
600358,国旅联合,179074720.0
600359,新农开发,488399185.0
600360,华微电子,807896544.0
600361,创新新材,97736559.0
600362,江西铜业,1296365043.0
600363,联创光电,470838638.0
600365,ST通葡,4102081.0
600366,宁波韵升,239456723.0
600367,红星发展,946938760.0
600368,五洲交通,100166517.0
600369,西南证券,117101166.0
600370,*ST三房,16671163.0
600371,万向德农,465024424.0
600372,中航机载,223624323.0
600373,中文传媒,98779034.0
600375,汉马科技,49464049.0
600376,首开股份,115244879.0
600377,宁沪高速,160055660.0
600378,昊华科技,1544654377.0
600379,XD宝光股份,179273456.0
600380,健康元,463920832.0
600381,*ST春天,14413630.0
600382,广东明珠,58392752.0
600383,金地集团,266294433.0
600385,退市金泰,0.0
600386,北巴传媒,36588230.0
600387,退市海越,0.0
600388,紫金龙净,147152464.0
600389,江山股份,114267352.0
600390,五矿资本,164817374.0
600391,航发科技,698633421.0
600392,盛和资源,843116867.0
600393,ST粤泰,0.0
600395,盘江股份,120424672.0
600396,华电辽能,768579451.0
600397,江钨装备,1083454019.0
600398,海澜之家,133936333.0
600399,抚顺特钢,94366706.0
600400,红豆股份,140724293.0
600401,退市海润,0.0
600403,大有能源,942200281.0
600405,动力源,43104829.0
600406,国电南瑞,1298880789.0
600408,安泰集团,116869411.0
600409,三友化工,102009471.0
600410,华胜天成,1000007225.0
600415,小商品城,526353549.0
600416,湘电股份,111835432.0
600418,江淮汽车,4392576724.0
600419,天润乳业,30565313.0
600420,国药现代,36452023.0
600421,退市华嵘,0.0
600422,昆药集团,27118479.0
600423,*ST柳化,10078656.0
600425,青松建化,45057536.0
600426,华鲁恒升,383243015.0
600428,中远海特,256168790.0
600429,XD三元股份,133721426.0
600432,退市吉恩,0.0
600433,冠豪高新,65023538.0
600435,北方导航,182505309.0
600436,片仔癀,160085142.0
600438,通威股份,324675363.0
600439,ST瑞贝卡,16821793.0
600444,国机通用,35169448.0
600446,金证股份,116034763.0
600448,华纺股份,392443272.0
600449,宁夏建材,79924988.0
600452,涪陵电力,189007816.0
600455,博通股份,37759178.0
600456,宝钛股份,93139325.0
600458,时代新材,161628277.0
600459,贵研铂业,212574471.0
600460,士兰微,1703834639.0
600461,洪城环境,99482858.0
600462,退市九有,0.0
600463,空港股份,26576327.0
600466,*ST蓝光,0.0
600467,好当家,70569494.0
600468,百利电气,103488481.0
600469,风神股份,20794187.0
600470,六国化工,93875360.0
600472,包头铝业,0.0
600475,华光环能,81874140.0
600476,*ST湘邮,7613134.0
600477,杭萧钢构,53762174.0
600478,科力远,81035861.0
600479,千金药业,479406944.0
600480,凌云股份,73239903.0
600481,双良节能,121463307.0
600482,中国动力,412042829.0
600483,福能股份,185395869.0
600485,*ST信威,0.0
600486,扬农化工,107606180.0
600487,亨通光电,7082822047.0
600488,津药药业,621351006.0
600489,中金黄金,1477941611.0
600490,鹏欣资源,222105670.0
600491,ST龙元,78945731.0
600493,凤竹纺织,62647850.0
600495,晋西车轴,39988477.0
600496,精工钢构,83373139.0
600497,驰宏锌锗,821201870.0
600498,烽火通信,2708425696.0
600499,科达制造,412317293.0
600500,中化国际,659009186.0
600501,航天晨光,85356954.0
600502,安徽建工,94260984.0
600503,华丽家族,607737256.0
600505,西昌电力,82084350.0
600506,统一股份,470965973.0
600507,方大特钢,98115322.0
600508,上海能源,116217131.0
600509,天富能源,73879141.0
600510,黑牡丹,43635870.0
600511,国药股份,74804370.0
600512,腾达建设,38432231.0
600513,联环药业,100862552.0
600515,海南机场,168732600.0
600516,方大炭素,191232438.0
600517,国网英大,73098946.0
600518,康美药业,129670341.0
600519,贵州茅台,3488720613.0
600520,三佳科技,224937161.0
600521,华海药业,228526062.0
600522,中天科技,7537635667.0
600523,贵航股份,26152904.0
600525,长园集团,49250413.0
600526,菲达环保,32888436.0
600527,江南高纤,66368907.0
600528,中铁工业,42245202.0
600529,山东药玻,57320230.0
600530,ST交昂,15884120.0
600531,豫光金铅,305331441.0
600532,退市未来,0.0
600533,栖霞建设,35322364.0
600535,天士力,150295145.0
600536,中国软件,423299906.0
600537,*ST亿晶,65400520.0
600538,国发股份,35874172.0
600539,狮头股份,225576531.0
600540,新赛股份,952020633.0
600543,*ST莫高,5159610.0
600545,卓郎智能,437773644.0
600546,山煤国际,174112450.0
600547,山东黄金,3716226173.0
600548,深高速,21616514.0
600549,厦门钨业,1471395969.0
600550,保变电气,129858873.0
600551,时代出版,160196260.0
600552,凯盛科技,1947334504.0
600553,太行水泥,0.0
600555,退市海创,0.0
600556,天下秀,120763907.0
600557,康缘药业,42399484.0
600558,大西洋,84342019.0
600559,老白干酒,85501518.0
600560,金自天正,40467873.0
600561,江西长运,24354176.0
600562,国睿科技,161698174.0
600563,法拉电子,370306940.0
600565,ST迪马,0.0
600566,济川药业,121740512.0
600567,山鹰国际,53459962.0
600568,ST中珠,15311522.0
600569,安阳钢铁,33118703.0
600570,恒生电子,279043245.0
600571,信雅达,59282997.0
600572,康恩贝,138189564.0
600573,惠泉啤酒,140690165.0
600575,淮河能源,75002287.0
600576,祥源文旅,29078339.0
600577,精达股份,438480616.0
600578,京能电力,164383007.0
600579,中化装备,37035734.0
600580,卧龙电驱,479155503.0
600581,*ST八钢,22094130.0
600582,天地科技,78984478.0
600583,海油工程,425784099.0
600584,长电科技,4015131746.0
600585,海螺水泥,264527868.0
600586,金晶科技,47477042.0
600587,新华医疗,148237715.0
600588,用友网络,300952646.0
600589,大位科技,272545364.0
600590,泰豪科技,165512938.0
600591,*ST上航,0.0
600592,龙溪股份,150753156.0
600593,大连圣亚,592721024.0
600594,益佰制药,51529064.0
600595,中孚实业,253479295.0
600596,新安股份,508825011.0
600597,光明乳业,58610747.0
600598,北大荒,361239995.0
600599,退市熊猫,0.0
600600,青岛啤酒,114375450.0
600601,方正科技,3232892968.0
600602,云赛智联,214828365.0
600603,广汇物流,34250947.0
600604,市北高新,73290904.0
600605,汇通能源,292148998.0
600606,绿地控股,318339579.0
600607,上实医药,0.0
600608,退市沪科,0.0
600609,金杯汽车,184958380.0
600610,中毅达,123293773.0
600611,大众交通,155000206.0
600612,老凤祥,29858845.0
600613,神奇制药,592222509.0
600614,退市鹏起,0.0
600615,鑫源智造,19224127.0
600616,金枫酒业,383934828.0
600617,国新能源,87369584.0
600618,氯碱化工,32812203.0
600619,海立股份,291451840.0
600620,天宸股份,25396947.0
600621,华鑫股份,256052279.0
600622,光大嘉宝,55099275.0
600623,华谊集团,118081744.0
600624,ST复华,11401369.0
600625,PT水仙,0.0
600626,申达股份,52315187.0
600627,上电股份,0.0
600628,新世界,41856055.0
600629,华建集团,284608409.0
600630,龙头股份,672839601.0
600631,百联股份,0.0
600632,华联商厦,0.0
600633,浙数文化,109886359.0
600634,退市富控,0.0
600635,大众公用,97762590.0
600636,退市国化,0.0
600637,东方明珠,361322038.0
600638,新黄浦,54518184.0
600639,浦东金桥,44933399.0
600640,国脉文化,313994012.0
600641,先导基电,6332949676.0
600642,申能股份,170186022.0
600643,爱建集团,46814276.0
600644,乐山电力,174703195.0
600645,中源协和,131982382.0
600646,ST国嘉,0.0
600647,退市同达,0.0
600648,外高桥,23015068.0
600649,城投控股,78153980.0
600650,锦江在线,55260350.0
600651,飞乐音响,106056765.0
600652,退市游久,0.0
600653,申华控股,126241147.0
600654,中安科,142810006.0
600655,豫园股份,51691723.0
600656,退市博元,0.0
600657,信达地产,121022259.0
600658,电子城,45010177.0
600659,*ST花雕,0.0
600660,福耀玻璃,573021571.0
600661,昂立教育,127041757.0
600662,外服控股,43542171.0
600663,陆家嘴,129181527.0
600664,哈药股份,3426970037.0
600665,天地源,36739031.0
600666,奥瑞德,168522280.0
600667,太极实业,2792735469.0
600668,尖峰集团,27791879.0
600669,*ST鞍成,0.0
600670,*ST斯达,0.0
600671,天目药业,70435293.0
600672,*ST华圣,0.0
600673,东阳光,554215563.0
600674,川投能源,640730335.0
600675,中华企业,241067928.0
600676,久事动娱,106461546.0
600677,*ST航通,0.0
600678,ST金顶,22194225.0
600679,上海凤凰,59475236.0
600680,*ST上普,0.0
600681,百川能源,68413954.0
600682,南京新百,85363537.0
600683,京投发展,136247388.0
600684,珠江股份,36672995.0
600685,中船防务,308733069.0
600686,金龙汽车,162993238.0
600687,退市刚泰,0.0
600688,上海石化,138090401.0
600689,上海三毛,26114943.0
600690,海尔智家,539292668.0
600691,潞化科技,84648774.0
600692,亚通股份,47961919.0
600693,东百集团,504545703.0
600694,大商股份,31771587.0
600695,退市绿庭,0.0
600696,退市岩石,0.0
600697,欧亚集团,48662934.0
600698,湖南天雁,177528586.0
600699,均胜电子,3064771835.0
600700,*ST数码,0.0
600701,退市工新,0.0
600702,舍得酒业,133203254.0
600703,三安光电,1506690152.0
600704,物产中大,140060453.0
600705,中航产融,0.0
600706,曲江文旅,59440864.0
600707,彩虹股份,3769898708.0
600708,光明地产,49797840.0
600709,ST生态,0.0
600710,苏美达,73200263.0
600711,盛屯矿业,373677220.0
600712,南宁百货,100605671.0
600713,南京医药,46408438.0
600714,金瑞矿业,290691522.0
600715,文投控股,102959115.0
600716,凤凰股份,15358903.0
600717,天津港,58973464.0
600718,东软集团,57166685.0
600719,大连热电,335334370.0
600720,中交设计,24481453.0
600721,百花医药,1231440169.0
600722,金牛化工,1408278507.0
600723,首商股份,0.0
600724,宁波富达,35237294.0
600725,云维股份,46160002.0
600726,华电能源,243375532.0
600727,鲁北化工,67939345.0
600728,佳都科技,69440821.0
600729,重百集团,37068843.0
600730,*ST高科,66508079.0
600731,湖南海利,22581776.0
600732,爱旭股份,197947096.0
600733,北汽蓝谷,1111736938.0
600734,*ST实达,62914129.0
600735,ST新华锦,18953252.0
600736,苏州高新,96689378.0
600737,中粮糖业,845327515.0
600738,丽尚国潮,58033421.0
600739,辽宁成大,106258558.0
600740,山西焦化,88557638.0
600741,华域汽车,319670175.0
600742,富维股份,38108037.0
600743,华远控股,348103448.0
600744,华银电力,296482071.0
600745,*ST闻泰,417574176.0
600746,江苏索普,85013804.0
600747,退市大控,0.0
600748,上实发展,51300722.0
600749,西藏旅游,68111507.0
600750,华润江中,87092668.0
600751,海航科技,55950342.0
600752,*ST哈慈,0.0
600753,ST海钦,69562987.0
600754,锦江酒店,107981442.0
600755,厦门国贸,290287958.0
600756,浪潮软件,67615670.0
600757,长江传媒,56067471.0
600758,辽宁能源,222201727.0
600759,ST洲际,217206661.0
600760,中航沈飞,399746908.0
600761,安徽合力,99077800.0
600762,S*ST金荔,0.0
600763,通策医疗,136428305.0
600764,中国海防,81998469.0
600765,中航重机,137397518.0
600766,退市园城,0.0
600767,退市运盛,0.0
600768,富邦新材,38342583.0
600769,祥龙电业,172378261.0
600770,综艺股份,399696684.0
600771,广誉远,190792717.0
600772,S*ST龙昌,0.0
600773,西藏城投,208776669.0
600774,汉商集团,32564620.0
600775,南京熊猫,164228228.0
600776,东方通信,211848937.0
600777,新潮能源,71009175.0
600778,友好集团,43646754.0
600779,水井坊,32721064.0
600780,通宝能源,45750524.0
600781,退市辅仁,0.0
600782,新钢股份,65410915.0
600783,鲁信创投,151442295.0
600784,鲁银投资,39700041.0
600785,新华百货,163287175.0
600786,东方锅炉,0.0
600787,中储股份,61765537.0
600788,*ST达曼,0.0
600789,鲁抗医药,218264725.0
600790,轻纺城,259081184.0
600791,京能置业,69619198.0
600792,云煤能源,884382167.0
600793,宜宾纸业,58229628.0
600794,保税科技,28344201.0
600795,国电电力,929257516.0
600796,钱江生化,20804346.0
600797,浙大网新,66502595.0
600798,宁波海运,57270502.0
600799,*ST龙科,0.0
600800,渤海化学,40237728.0
600801,华新建材,116400875.0
600802,福建水泥,604124688.0
600803,新奥股份,110371907.0
600804,退市鹏博,0.0
600805,悦达投资,40382732.0
600806,退市昆机,0.0
600807,济高发展,32547752.0
600808,马钢股份,132876690.0
600809,山西汾酒,390604723.0
600810,神马股份,52010019.0
600811,*ST东方,0.0
600812,华北制药,135156619.0
600813,ST鞍一工,0.0
600814,杭州解百,29870107.0
600815,厦工股份,268289103.0
600816,建元信托,82149238.0
600817,宇通重工,17446220.0
600818,ST中路,21354209.0
600819,耀皮玻璃,46507643.0
600820,隧道股份,57442699.0
600821,金开新能,150574346.0
600822,上海物贸,80228847.0
600823,*ST世茂,0.0
600824,益民集团,28365457.0
600825,新华传媒,42985476.0
600826,兰生股份,79394719.0
600827,百联股份,61631920.0
600828,茂业商业,60543838.0
600829,人民同泰,77837296.0
600830,香溢融通,61453967.0
600831,广电网络,169894493.0
600832,东方明珠,0.0
600833,第一医药,44890768.0
600834,申通地铁,11819795.0
600835,上海机电,122701765.0
600836,*ST易连,0.0
600837,海通证券,0.0
600838,上海九百,61584018.0
600839,四川长虹,197902739.0
600840,新湖创业,0.0
600841,动力新科,65776916.0
600842,中西药业,0.0
600843,上工申贝,477378296.0
600844,金煤科技,77584573.0
600845,宝信软件,255996836.0
600846,同济科技,23785756.0
600847,万里股份,77110514.0
600848,上海临港,49568691.0
600849,上药转换,0.0
600850,电科数字,108223627.0
600851,海欣股份,54584725.0
600852,*ST中川,0.0
600853,龙建股份,27371483.0
600854,春兰股份,36899020.0
600855,航天长峰,100773842.0
600856,退市中天,0.0
600857,宁波中百,135365915.0
600858,银座股份,29286862.0
600859,王府井,93495519.0
600860,京城股份,39260916.0
600861,北京人力,15832751.0
600862,中航高科,163235532.0
600863,华能蒙电,510375504.0
600864,哈投股份,179279393.0
600865,百大集团,181601291.0
600866,星湖科技,106950311.0
600867,通化东宝,85726806.0
600868,梅雁吉祥,76192192.0
600869,远东股份,2843454447.0
600870,退市厦华,0.0
600871,石化油服,177984345.0
600872,中炬高新,103654361.0
600873,梅花生物,110507720.0
600874,创业环保,24196840.0
600875,东方电气,646281137.0
600876,凯盛新能,114961164.0
600877,电科芯片,120184491.0
600878,*ST北科,0.0
600879,航天电子,868163589.0
600880,博瑞传播,132579384.0
600881,亚泰集团,134252698.0
600882,妙可蓝多,55096490.0
600883,博闻科技,32493937.0
600884,杉杉股份,347798946.0
600885,宏发股份,362926015.0
600886,国投电力,789745932.0
600887,伊利股份,1120497922.0
600888,新疆众和,404294570.0
600889,*ST京化,13017538.0
600890,退市中房,0.0
600891,退市秋林,0.0
600892,大晟文化,94990243.0
600893,航发动力,1070391691.0
600894,广日股份,53468591.0
600895,张江高科,373515968.0
600896,退市海医,0.0
600897,厦门空港,178579284.0
600898,*ST美讯,0.0
600899,*ST信联,0.0
600900,长江电力,3079818529.0
600901,江苏金租,231781864.0
600903,贵州燃气,202999590.0
600905,三峡能源,337494560.0
600906,财达证券,153322410.0
600908,无锡银行,131874259.0
600909,华安证券,581272829.0
600916,中国黄金,129180738.0
600917,重庆燃气,20448147.0
600918,中泰证券,134875235.0
600919,江苏银行,1221472917.0
600925,苏能股份,27912710.0
600926,杭州银行,617432197.0
600927,永安期货,58884647.0
600928,西安银行,65643981.0
600929,雪天盐业,147109556.0
600930,华电新能源集团,433004228.0
600933,爱柯迪,136919796.0
600935,华塑股份,52107084.0
600936,北投科技,103278044.0
600938,中国海油,1364841620.0
600939,重庆建工,21268379.0
600941,中国移动,771865750.0
600955,维远股份,32134537.0
600956,新天绿能,42010473.0
600958,东方证券,343699253.0
600959,江苏有线,73545317.0
600960,渤海汽车,31375610.0
600961,株冶集团,555733989.0
600962,国投中鲁,127235062.0
600963,岳阳林纸,78784372.0
600965,*ST福成,10530528.0
600966,博汇纸业,53116648.0
600967,内蒙一机,538591441.0
600968,海油发展,93004405.0
600969,郴电国际,59899745.0
600970,中材国际,140012717.0
600971,恒源煤电,102009994.0
600973,宝胜股份,75266397.0
600975,新五丰,94987713.0
600976,健民集团,18678060.0
600977,中国电影,353625920.0
600978,*ST宜生,0.0
600979,广安爱众,59992013.0
600980,北矿科技,48114922.0
600981,苏豪汇鸿,38219089.0
600982,宁波能源,235162000.0
600983,惠而浦,12072833.0
600984,建设机械,57152099.0
600985,淮北矿业,297918340.0
600986,浙文互联,181712861.0
600987,航民股份,22931847.0
600988,赤峰黄金,1652356346.0
600989,宝丰能源,1128444968.0
600990,四创电子,45805496.0
600991,广汽长丰,0.0
600992,贵绳股份,85779981.0
600993,马应龙,60340829.0
600995,南网储能,92354800.0
600996,贵广网络,100474554.0
600997,开滦股份,51602278.0
600998,九州通,151557302.0
600999,招商证券,682179339.0
601000,唐山港,255095667.0
601001,晋控煤业,187782526.0
601002,晋亿实业,33631294.0
601003,柳钢股份,46525269.0
601005,重庆钢铁,98893279.0
601006,大秦铁路,341229173.0
601007,金陵饭店,38496048.0
601008,连云港,50633498.0
601009,南京银行,829186666.0
601010,ST文峰,14890954.0
601011,宝泰隆,119593778.0
601012,隆基绿能,939497174.0
601015,陕西黑猫,213818407.0
601016,节能风电,185797645.0
601018,宁波港,158404713.0
601019,山东出版,67791960.0
601020,华钰矿业,485224420.0
601021,春秋航空,485321454.0
601022,宁波远洋,49123908.0
601026,道生天合材料科技,66614955.0
601028,玉龙股份,0.0
601033,永兴股份,29106114.0
601038,一拖股份,78256897.0
601058,赛轮轮胎,428715222.0
601059,信达证券,0.0
601061,中信金属,141533614.0
601065,江西省盐业集团,15210639.0
601066,中信建投,241572029.0
601068,中铝国际,66938067.0
601069,西部黄金,362732845.0
601077,渝农商行,550257399.0
601083,锦江航运,75249891.0
601086,国芳集团,1454370480.0
601088,中国神华,1109202332.0
601089,福元医药,38967917.0
601091,C沈鼓集团,2963675626.0
601096,宏盛华源铁塔集团,61702608.0
601098,中南传媒,115818191.0
601099,太平洋,333202466.0
601100,恒立液压,911723674.0
601101,昊华能源,199889673.0
601106,中国一重,123348160.0
601107,四川成渝,63021469.0
601108,财通证券,321869350.0
601111,中国国航,471429369.0
601112,振石股份,96402251.0
601113,华鼎股份,57965142.0
601116,三江购物,69594205.0
601117,中国化学,272850066.0
601118,海南橡胶,838760727.0
601121,宝地矿业,60877093.0
601123,马矿股份,410630008.0
601126,四方股份,566956473.0
601127,赛力斯,1141684649.0
601128,常熟银行,314585834.0
601133,柏诚系统股份公司,322968613.0
601136,首创证券,145134399.0
601137,博威合金,199104315.0
601138,工业富联,3811349674.0
601139,深圳燃气,80043921.0
601155,新城控股,283304558.0
601156,东航物流,209122937.0
601158,重庆水务,19275964.0
601162,天风证券,441443949.0
601163,三角轮胎,20679208.0
601166,兴业银行,1117799988.0
601168,西部矿业,1142149436.0
601169,北京银行,786792018.0
601177,杭齿前进,47696662.0
601179,中国西电,540725794.0
601186,中国铁建,137979709.0
601187,厦门银行,110216085.0
601188,龙江交通,25073928.0
601198,东兴证券,0.0
601199,江南水务,126406144.0
601200,上海环境,40044093.0
601206,海尔施,0.0
601208,东材科技,3676141643.0
601211,国泰海通,1119055019.0
601212,白银有色,745723292.0
601216,君正集团,184243089.0
601218,吉鑫科技,1514983777.0
601222,林洋能源,77416598.0
601225,陕西煤业,794426454.0
601226,华电科工,54674339.0
601228,广州港,48183340.0
601229,上海银行,481178565.0
601231,环旭电子,789482948.0
601233,桐昆股份,456898424.0
601236,红塔证券,97853196.0
601238,广汽集团,0.0
601258,*ST庞大,0.0
601268,*ST二重,0.0
601279,英利汽车,61280765.0
601288,农业银行,2190898402.0
601298,青岛港,102641262.0
601299,中国北车,0.0
601311,骆驼股份,48916091.0
601313,江南嘉捷,0.0
601318,中国平安,3747989837.0
601319,中国人保,451893620.0
601326,秦港股份,66354730.0
601328,交通银行,1635494103.0
601330,绿色动力,102243560.0
601333,广深铁路,142676525.0
601336,新华保险,739806294.0
601339,百隆东方,85776136.0
601360,XD三六零,886294745.0
601366,利群股份,26279543.0
601368,绿城水务,26586197.0
601369,陕鼓动力,89914424.0
601375,中原证券,126723243.0
601377,兴业证券,346305116.0
601388,怡球资源,79156559.0
601390,中国中铁,235539143.0
601398,工商银行,2444282076.0
601399,国机重装,155648543.0
601456,国联民生,150992852.0
601500,通用股份,34694412.0
601512,中新集团,17792513.0
601515,衢州东峰,42484828.0
601518,吉林高速,28823007.0
601519,大智慧,216721537.0
601528,瑞丰银行,58577531.0
601555,东吴证券,245773927.0
601558,退市锐电,0.0
601566,九牧王,309704345.0
601567,三星电气,856710557.0
601568,北元化工,65821396.0
601577,长沙银行,233497979.0
601579,会稽山,2223607414.0
601588,北辰实业,60117727.0
601595,上海电影,215815587.0
601598,中国外运,123388974.0
601599,浙文影业,49769072.0
601600,中国铝业,1276413084.0
601601,中国太保,1108931656.0
601606,长城军工,475383688.0
601607,上海医药,140920953.0
601608,中信重工,104251650.0
601609,金田股份,521206518.0
601611,中国核建,132706421.0
601615,明阳智能,424512842.0
601616,广电电气,34117510.0
601618,中国中冶,165987185.0
601619,嘉泽新能,124236871.0
601628,中国人寿,672157508.0
601633,长城汽车,154309057.0
601636,旗滨集团,361714143.0
601658,邮储银行,926927706.0
601665,齐鲁银行,392922049.0
601666,平煤股份,178567132.0
601668,中国建筑,750058588.0
601669,中国电建,243270733.0
601677,明泰铝业,256558760.0
601678,滨化股份,225280643.0
601686,友发集团,30113433.0
601688,华泰证券,784344698.0
601689,拓普集团,1285350383.0
601696,中银证券,276975385.0
601698,中国卫通,385961285.0
601699,潞安环能,265211842.0
601700,风范股份,209256661.0
601702,华峰铝业,49865324.0
601717,中创智领,272850649.0
601718,ST际华,32420993.0
601727,上海电气,300253374.0
601728,中国电信,730022271.0
601766,中国中车,1172689031.0
601777,千里科技,451173701.0
601778,晶科科技,218434300.0
601788,光大证券,158147275.0
601789,宁波建工,79569980.0
601798,蓝科高新,33695403.0
601799,星宇股份,208190694.0
601800,中国交建,95097422.0
601801,皖新传媒,201425758.0
601808,中海油服,118253552.0
601811,新华文轩,1317723424.0
601816,京沪高铁,1111187965.0
601818,光大银行,389575749.0
601825,沪农商行,165489340.0
601827,三峰环境,24379894.0
601828,美凯龙,86340222.0
601838,成都银行,490150239.0
601857,中国石油,1807224555.0
601858,中国科传,277503782.0
601860,紫金银行,162010632.0
601865,福莱特,88574971.0
601866,中远海发,134641468.0
601868,中国能建,474586442.0
601869,长飞光纤,5242426822.0
601872,招商轮船,1844978620.0
601877,正泰电器,255990563.0
601878,浙商证券,141386714.0
601880,辽港股份,137425555.0
601881,中国银河,293820035.0
601882,海天精工,109646206.0
601886,江河集团,179255974.0
601888,中国中免,619440961.0
601890,亚星锚链,234533709.0
601898,中煤能源,569481680.0
601899,紫金矿业,4892448594.0
601900,南方传媒,125235924.0
601901,方正证券,217681758.0
601908,京运通,52545319.0
601916,浙商银行,332572302.0
601918,新集能源,539643193.0
601919,中远海控,1202792719.0
601921,浙版传媒,77006539.0
601928,凤凰传媒,85581457.0
601929,吉视传媒,224981910.0
601933,永辉超市,216448516.0
601939,建设银行,1089676649.0
601949,中国出版,306191379.0
601952,苏垦农发,208397301.0
601956,东贝集团,75877956.0
601958,金钼股份,438892192.0
601963,重庆银行,122244877.0
601965,中国汽研,62774888.0
601966,玲珑轮胎,65788509.0
601968,宝钢包装,44508504.0
601969,海南矿业,92895881.0
601975,招商南油,675380744.0
601985,中国核电,863842460.0
601988,中国银行,1729334431.0
601989,中国重工,0.0
601990,南京证券,108824792.0
601991,大唐发电,659226303.0
601992,金隅集团,57767523.0
601995,中金公司,604773130.0
601996,丰林集团,75295855.0
601997,贵阳银行,190575169.0
601998,中信银行,640872442.0
601999,出版传媒,136955945.0
603000,人民网,224383833.0
603001,奥康国际,258201229.0
603002,宏昌电子,1066094144.0
603003,退市龙宇,0.0
603004,鼎龙科技,57540151.0
603005,晶方科技,762256944.0
603006,联明股份,31596157.0
603007,顺景科技,68819808.0
603008,ST喜临门,135427312.0
603009,北特科技,263480820.0
603010,万盛股份,115292060.0
603011,合锻智能,916069688.0
603012,创力集团,186895641.0
603013,亚普股份,30068507.0
603014,威高血净,24106923.0
603015,弘讯科技,43484352.0
603016,新宏泰,147762546.0
603017,中衡设计,34070901.0
603018,华设集团,30671986.0
603019,中科曙光,1786339315.0
603020,爱普股份,185801826.0
603021,*ST华鹏,27886527.0
603022,新通联,26108041.0
603023,威帝股份,29020842.0
603025,大豪科技,93609762.0
603026,石大胜华,231885385.0
603027,千禾味业,53380977.0
603028,赛福天,28109567.0
603029,天鹅股份,56236015.0
603030,全筑股份,48677943.0
603031,安孚科技,402621623.0
603032,德新科技,100107202.0
603033,三维股份,56859612.0
603035,常熟汽饰,29236425.0
603036,如通股份,49320693.0
603037,凯众股份,47330768.0
603038,华立股份,108763614.0
603039,泛微网络,387905721.0
603040,新坐标,72600671.0
603041,美思德,53095416.0
603042,华脉科技,323847643.0
603043,广州酒家,36428603.0
603045,福达合金,258608974.0
603048,浙江黎明,65938483.0
603049,中策橡胶,59473256.0
603050,科林电气,62661745.0
603051,鹿山新材,178196705.0
603052,可川科技,245235215.0
603053,成都燃气,15519953.0
603055,台华新材,164555259.0
603056,德邦股份,0.0
603057,上海紫燕食品,67173799.0
603058,永吉股份,68301183.0
603059,倍加洁,37137718.0
603060,国检集团,89218430.0
603061,金海通股份,820837055.0
603062,麦加芯彩,15710865.0
603063,禾望电气,442713752.0
603065,宿迁联盛,647511826.0
603066,音飞储存,35455457.0
603067,振华股份,1490290600.0
603068,博通集成,804750167.0
603069,海汽集团,38157345.0
603070,万控智造,16700274.0
603071,物产环能,21755674.0
603072,天和磁材科技,38366771.0
603073,彩蝶实业,210070836.0
603075,热威科技股份,53416986.0
603076,乐惠国际,32583359.0
603077,和邦生物,253353551.0
603078,江化微,426861793.0
603079,圣达生物,37803307.0
603080,新疆火炬,21655131.0
603081,大丰实业,21923303.0
603082,北自科技股份,289446041.0
603083,剑桥科技,3787108446.0
603085,天成自控,42182323.0
603086,先达股份,35471625.0
603087,甘李药业,705341907.0
603088,宁波精达,82954422.0
603089,正裕工业,24425632.0
603090,宏盛股份,143240078.0
603091,众鑫股份,33663664.0
603092,德力佳传动,298516463.0
603093,南华期货,304683134.0
603095,越剑智能,71740593.0
603096,新经典,36710117.0
603097,江苏华辰,32894220.0
603098,森特股份,29755413.0
603099,长白山,452981918.0
603100,川仪股份,50931370.0
603101,汇嘉时代,41349075.0
603102,百合股份,45364535.0
603103,横店影视,77304764.0
603105,芯能科技,402457782.0
603106,恒银科技,57340381.0
603107,上海汽配,43167048.0
603108,润达医疗,114212345.0
603109,神驰机电,31636512.0
603110,东方材料,222217251.0
603111,康尼机电,38568246.0
603112,华翔股份,193489565.0
603113,金能科技,50049586.0
603115,海星股份,576922833.0
603116,红蜻蜓,155383592.0
603117,万林物流,39066504.0
603118,共进股份,1014304193.0
603119,浙江荣泰股份,481817379.0
603120,肯特催化材料,272502634.0
603121,华培动力,118010509.0
603122,合富中国,1353153293.0
603123,翠微股份,141252595.0
603124,江南新材,670359858.0
603125,江苏常青树科技,86009659.0
603126,中材节能,27923709.0
603127,昭衍新药,1259882306.0
603128,华贸物流,87502337.0
603129,春风动力,634395161.0
603130,云中马股份,44181763.0
603131,上海沪工,63639082.0
603132,金徽股份,109281156.0
603133,退市碳元,0.0
603135,中重科技,47780941.0
603136,天目湖,77155692.0
603137,恒尚节能,168058700.0
603138,海量数据,392483150.0
603139,康惠股份,68607077.0
603150,万朗磁塑,207342504.0
603151,邦基科技股份,97089197.0
603153,上海建科集团,20194746.0
603155,新亚强,180356150.0
603156,养元饮品,405213664.0
603157,退市拉夏,0.0
603158,腾龙股份,110318849.0
603159,上海亚虹,89680760.0
603160,汇顶科技,166518742.0
603161,科华控股,29360120.0
603162,海通发展,465629967.0
603163,圣晖系统集成集团,215062378.0
603165,荣晟环保,83967098.0
603166,福达股份,54802001.0
603167,渤海轮渡,30177424.0
603168,莎普爱思,40848260.0
603169,兰石重装,50938376.0
603170,宝立食品科技,171017573.0
603171,税友股份,129282541.0
603172,浙江万丰股份,33766783.0
603173,福斯达深冷,13944819.0
603175,超颖电子,453400059.0
603176,汇通集团,31542374.0
603177,德创环保,35821611.0
603178,圣龙股份,209109920.0
603179,新泉股份,620103382.0
603180,金牌家居,16310569.0
603181,皇马科技,47003028.0
603182,嘉华生物科技股份,29340009.0
603183,建研院,126295406.0
603185,弘元绿能,87051198.0
603186,华正新材,2892244603.0
603187,海容冷链,25432123.0
603188,亚邦股份,38905981.0
603189,*ST网达,14246784.0
603190,烟台亚通精工机械,30279877.0
603191,望变电气,66252194.0
603192,汇得科技,64015655.0
603193,润本生物技术股份,31219423.0
603194,中力股份,27026357.0
603195,公牛集团,87999212.0
603196,璞源材料,29234831.0
603197,保隆科技,57917950.0
603198,迎驾贡酒,90573346.0
603199,九华旅游,36584273.0
603200,上海洗霸,146743395.0
603201,常润股份,30966960.0
603202,天有为,47256235.0
603203,快克智能,410361695.0
603205,健尔康,16055986.0
603206,嘉环科技,41276322.0
603207,上海小方制药,47006656.0
603208,江山欧派,24921584.0
603209,兴通股份,86576457.0
603210,泰鸿万立,29990692.0
603211,晋拓科技股份,100744164.0
603212,赛伍技术,193698945.0
603213,镇洋发展,18020272.0
603214,爱婴室,50417715.0
603215,比依股份,70854889.0
603216,梦天家居,210830844.0
603217,元利科技,73668220.0
603218,日月股份,96700915.0
603219,富佳股份,47326575.0
603220,中贝通信,338864500.0
603221,爱丽家居,133866757.0
603222,济民健康,209852842.0
603223,恒通股份,102329313.0
603225,新凤鸣,208893779.0
603226,菲林格尔,199728590.0
603227,雪峰科技,43500228.0
603228,景旺电子,2556696945.0
603229,奥翔药业,76730408.0
603230,内蒙新华,262244165.0
603231,索宝蛋白,23241023.0
603232,格尔软件,247338433.0
603233,大参林,98966204.0
603235,天新药业,15409581.0
603236,移远通信,757573750.0
603237,五芳斋实业,29744527.0
603238,诺邦股份,43824619.0
603239,浙江仙通,31975465.0
603248,锡华科技,603520495.0
603255,鼎际得股份,47879331.0
603256,宏和科技,3609341524.0
603257,中国瑞林,159368416.0
603258,电魂网络,53238633.0
603259,药明康德,5675753450.0
603260,合盛硅业,215540490.0
603261,立航科技,94414625.0
603262,技源集团,57554338.0
603266,天龙股份,133625955.0
603267,鸿远电子,388324972.0
603268,松发股份,928812071.0
603269,海鸥股份,603668881.0
603270,金帝精密科技股份,262065375.0
603271,永杰新材料,33992587.0
603272,*ST联翔,50174123.0
603273,天元智能,24482564.0
603275,上海众辰科技,24932542.0
603276,恒兴新材料科技,56348659.0
603277,银都股份,11698018.0
603278,大业股份,664094603.0
603279,景津装备,60090346.0
603280,南方路面机械,97244682.0
603281,江瀚新材,60561298.0
603282,亚光科技股份,27565137.0
603283,赛腾股份,557292347.0
603284,林平发展,29149999.0
603285,键邦股份,113867643.0
603286,日盈电子,161756087.0
603288,海天味业,547895062.0
603289,泰瑞机器,124561524.0
603290,斯达半导,315767384.0
603291,联合水务,33401067.0
603293,埃泰克汽车电子,37911182.0
603296,华勤技术,1069899910.0
603297,永新光学,110722316.0
603298,杭叉集团,192429225.0
603299,苏盐井神,28598125.0
603300,海南华铁,99645426.0
603301,振德医疗,94819106.0
603302,鑫广绿环,0.0
603303,得邦照明,83858219.0
603305,旭升集团,133333371.0
603306,华懋科技,940432005.0
603307,扬州金泉,39254814.0
603308,应流股份,866309624.0
603309,维力医疗,24388980.0
603310,巍华新材,27851480.0
603311,金海高科,154531655.0
603312,西典新能,69219421.0
603313,梦百合,88965344.0
603315,福鞍股份,44134905.0
603316,诚邦股份,443961969.0
603317,天味食品,69526869.0
603318,水发燃气,251054064.0
603319,美湖股份,527048360.0
603320,迪贝电气,29243287.0
603321,梅轮电梯,50796413.0
603322,超讯科技,300173530.0
603323,苏农银行,132907419.0
603324,盛剑科技,64081308.0
603325,博隆技术,11520625.0
603326,我乐家居,25097515.0
603327,福蓉科技,92632864.0
603328,依顿电子,799456200.0
603329,上海雅仕,34395623.0
603330,天洋新材,229365785.0
603331,百达精工,39898294.0
603332,苏州龙杰,36664107.0
603333,福华尚纬,102733961.0
603334,丰倍生物,28331082.0
603335,迪生力,48231027.0
603336,宏辉果蔬,133960946.0
603337,杰克科技,142280219.0
603338,浙江鼎力,112738948.0
603339,四方科技,79259805.0
603341,龙旗科技,330230974.0
603344,星德胜科技,46032141.0
603345,安井食品,299512891.0
603348,文灿股份,49967523.0
603350,安乃达,17630860.0
603351,威尔药业,36466509.0
603352,至信股份,19474926.0
603353,和顺石油,359189847.0
603355,莱克电气,91954724.0
603356,华菱精工,74758935.0
603357,设计总院,13562345.0
603358,华达科技,285705649.0
603359,*ST东珠,9364769.0
603360,百傲化学,106108662.0
603361,浙江国祥,0.0
603363,傲农生物,62872816.0
603365,水星家纺,12232929.0
603366,日出东方,133095786.0
603367,辰欣药业,62675148.0
603368,柳药集团,29736375.0
603369,今世缘,153700860.0
603370,华新精科,48095261.0
603373,安邦护卫集团股份,334257401.0
603375,盛景微电子,307332522.0
603376,大明电子,33563175.0
603377,ST东时,7798205.0
603378,*ST亚士,49725974.0
603379,三美股份,251614312.0
603380,易德龙,106555754.0
603381,永臻股份,39968539.0
603382,海阳科技,52439616.0
603383,顶点软件,37093378.0
603385,惠达卫浴,28106179.0
603386,骏亚科技,260816138.0
603387,基蛋生物,95443548.0
603388,*ST元成,0.0
603389,亚振家居,87518549.0
603390,通达电气,131243785.0
603391,力聚热能,196420734.0
603392,万泰生物,139396177.0
603393,新天然气,101377390.0
603395,中盐红四方,153159605.0
603396,金辰股份,910810358.0
603398,*ST沐邦,36115872.0
603399,永杉锂业,259814954.0
603400,华之杰,0.0
603402,陕西旅游,78783372.0
603406,天富龙,34385100.0
603407,长裕集团,273041129.0
603408,建霖家居,15359617.0
603409,汇通控股,22647932.0
603416,信捷电气,61540091.0
603418,友升股份,373160339.0
603421,鼎信通讯,120612138.0
603429,*ST集友,24824342.0
603435,嘉德利,132930054.0
603439,三力制药,192973944.0
603444,吉比特,340872004.0
603448,天博智能科技,300304150.0
603456,九洲药业,325212546.0
603458,勘设股份,72732683.0
603459,红板科技,462272669.0
603466,风语筑,489927505.0
603468,津富士达,44389436.0
603477,巨星农牧,168708792.0
603486,科沃斯,149145730.0
603488,展鹏科技,44715314.0
603489,八方股份,58065548.0
603496,恒为科技,103881766.0
603499,翔港科技,46719548.0
603500,祥和实业,284003994.0
603501,豪威集团,944394411.0
603505,金石资源,110676999.0
603506,南都物业,47373964.0
603507,振江股份,481268906.0
603508,思维列控,44522652.0
603511,爱慕股份,29034161.0
603515,欧普照明,15658859.0
603516,淳中科技,405613997.0
603517,ST绝味,62741373.0
603518,锦泓集团,62375126.0
603519,立霸股份,179880375.0
603520,司太立,45549569.0
603527,众源新材,47030554.0
603528,多伦科技,50762951.0
603529,爱玛科技,76987998.0
603530,神马电力,82780828.0
603533,掌阅科技,357222504.0
603535,嘉诚国际,16280385.0
603536,惠发食品,54502898.0
603538,美诺华,617579101.0
603551,奥普科技,17250231.0
603555,ST贵人,0.0
603556,海兴电力,50793415.0
603557,*ST起步,36360884.0
603558,健盛集团,95899009.0
603559,中通国脉,76959321.0
603565,中谷物流,139183545.0
603566,普莱柯,19790935.0
603567,珍宝岛,85630953.0
603568,伟明环保,70188185.0
603569,长久物流,15123513.0
603577,汇金通,24842869.0
603578,三星新材,48184280.0
603579,荣泰健康,80560971.0
603580,艾艾精工,954716096.0
603583,捷昌驱动,115183067.0
603585,苏利股份,31823008.0
603586,金麒麟,55647217.0
603587,地素时尚,58992741.0
603588,高能环境,1069281386.0
603589,口子窖,75303333.0
603590,康辰药业,41076838.0
603595,ST东尼,63300258.0
603596,伯特利,356937672.0
603598,引力传媒,338334222.0
603599,广信股份,61394885.0
603600,永艺股份,44513435.0
603601,再升科技,1422145126.0
603602,纵横通信,28154568.0
603603,退市博天,0.0
603605,珀莱雅,295305433.0
603606,东方电缆,353007957.0
603607,京华激光,92671334.0
603608,天创时尚,265607042.0
603609,禾丰股份,25472178.0
603610,麒盛科技,108790406.0
603611,诺力股份,30999865.0
603612,索通发展,163449867.0
603613,国联股份,217763067.0
603615,茶花股份,65661390.0
603616,韩建河山,35650553.0
603617,君禾股份,43356250.0
603618,杭电股份,1788442474.0
603619,中曼石油,261578274.0
603626,科森科技,1256937494.0
603628,清源股份,62987142.0
603629,利通电子,1681620417.0
603630,拉芳家化,62256088.0
603633,徕木股份,59638903.0
603636,南威软件,388165287.0
603637,镇海股份,84970569.0
603638,艾迪精密,220014810.0
603639,海利尔,10736973.0
603648,畅联股份,23395305.0
603650,彤程新材,897128602.0
603655,XD朗博科技,38699083.0
603656,泰禾智能,25495347.0
603657,春光科技,216505901.0
603658,安图生物,129680669.0
603659,璞泰来,390472646.0
603660,苏州科达,132974760.0
603661,恒林股份,102066514.0
603662,柯力传感,163131774.0
603663,三祥新材,1244295892.0
603665,康隆达,132269535.0
603666,亿嘉和,76151490.0
603667,五洲新春,726811877.0
603668,天马科技,63178029.0
603669,灵康药业,139810151.0
603676,卫信康,12971870.0
603677,奇精机械,27764884.0
603678,火炬电子,1080659237.0
603679,华体科技,221753157.0
603680,今创集团,59114702.0
603681,永冠新材,193334786.0
603682,锦和商管,118077457.0
603683,晶华新材,212263238.0
603685,晨丰科技,39973152.0
603686,福龙马,483522100.0
603687,大胜达,191154516.0
603688,石英股份,632403633.0
603689,皖天然气,16084605.0
603690,至纯科技,469151753.0
603693,江苏新能,251801448.0
603696,安记食品,215123569.0
603697,有友食品,95880554.0
603698,航天工程,178698669.0
603699,纽威股份,167519971.0
603700,宁水集团,98925625.0
603701,德宏股份,56200662.0
603703,盛洋科技,113881688.0
603706,东方环宇,11997236.0
603707,健友股份,76720231.0
603708,家家悦,26657348.0
603709,中源家居,62767189.0
603711,香飘飘,30887837.0
603712,七一二,96794814.0
603713,密尔克卫,140348994.0
603716,塞力医疗,234311019.0
603717,天域生物,43007976.0
603718,*ST海利,14655732.0
603719,良品铺子,24880354.0
603721,中广天择,91150685.0
603722,阿科力,33106739.0
603725,天安新材,153863960.0
603726,朗迪集团,76568329.0
603727,博迈科,154367498.0
603728,鸣志电器,511351545.0
603729,ST龙韵,18991988.0
603730,岱美股份,199001692.0
603733,仙鹤股份,100312248.0
603737,三棵树,124215855.0
603738,泰晶科技,926394527.0
603739,蔚蓝生物,32119537.0
603755,日辰股份,96285434.0
603757,大元泵业,578917738.0
603758,秦安股份,61186126.0
603759,海天股份,44169930.0
603766,隆鑫通用,288330403.0
603767,中马传动,469356646.0
603768,常青股份,28062447.0
603773,沃格光电,4446969849.0
603776,永安行,69038943.0
603777,来伊份,105557671.0
603778,国晟科技,292935226.0
603779,威龙股份,72100701.0
603786,科博达,51664360.0
603787,新日股份,22267476.0
603788,宁波高发,14058095.0
603789,ST星农,12507887.0
603790,雅运股份,70193524.0
603797,联泰环保,155090705.0
603798,康普顿,139057113.0
603799,华友钴业,1280262334.0
603800,洪田股份,321027463.0
603801,志邦家居,39097544.0
603803,瑞斯康达,432043188.0
603806,福斯特,235349388.0
603808,歌力思,30152261.0
603809,豪能股份,43556613.0
603810,丰山集团,19043947.0
603811,诚意药业,28010341.0
603813,原尚股份,20700239.0
603815,交建股份,27365342.0
603816,顾家家居,83170734.0
603817,海峡环保,188350070.0
603818,曲美家居,116348510.0
603819,神力股份,171092854.0
603822,ST嘉澳,24901610.0
603823,百合花,1481130268.0
603825,ST华扬,11607336.0
603826,坤彩科技,375746050.0
603828,*ST利达,18087894.0
603829,洛凯股份,35737213.0
603833,欧派家居,82167918.0
603836,海程邦达,25410116.0
603838,*ST四通,23352690.0
603839,安正时尚,21321719.0
603843,*ST正平,64344829.0
603848,好太太,31676526.0
603855,华荣股份,31221053.0
603856,东宏股份,24578002.0
603858,步长制药,53529186.0
603859,能科科技,186167875.0
603860,中公高科,32530972.0
603861,白云电器,65129010.0
603863,松炀资源,55579594.0
603866,桃李面包,66619047.0
603867,新化股份,294570607.0
603868,飞科电器,45700763.0
603869,ST智知,4003960.0
603871,嘉友国际,78431406.0
603876,鼎胜新材,453613336.0
603877,太平鸟,12396062.0
603878,武进不锈,44725365.0
603879,永悦科技,33326884.0
603880,南卫股份,71970761.0
603881,数据港,354086735.0
603882,金域医学,330598057.0
603883,老百姓,91715401.0
603885,吉祥航空,193494158.0
603886,元祖股份,59726743.0
603887,城地香江,115770399.0
603888,新华网,304605335.0
603889,新澳股份,41114229.0
603890,春秋电子,359031405.0
603893,瑞芯微,2474923554.0
603895,天永智能,32866553.0
603896,寿仙谷,32673014.0
603897,长城科技,150424916.0
603898,好莱客,52455823.0
603899,晨光股份,48479636.0
603900,莱绅通灵,71826059.0
603901,永创智能,53390837.0
603903,中持股份,260806899.0
603906,龙蟠科技,160376525.0
603908,牧高笛,35110933.0
603909,建发合诚,77541833.0
603912,佳力图,214882505.0
603915,国茂股份,60574743.0
603916,苏博特,49034376.0
603917,合力科技,47554025.0
603918,金桥信息,74309227.0
603919,金徽酒,49516674.0
603920,世运电路,1438947912.0
603922,ST金鸿顺,9640780.0
603926,铁流股份,49779744.0
603927,中科软,75081287.0
603928,XD兴业股份,89999086.0
603929,亚翔集成,461603175.0
603931,格林达,128605823.0
603933,睿能科技,52746837.0
603936,博敏电子,914895571.0
603937,丽岛新材,268456116.0
603938,三孚股份,874533500.0
603939,益丰药房,143670666.0
603948,建业股份,42274737.0
603949,雪龙集团,299115798.0
603950,长源东谷,189842254.0
603955,大千生态,86757361.0
603956,威派格,97056290.0
603958,哈森股份,150151424.0
603959,ST百利,12400148.0
603960,克来机电,123864432.0
603963,*ST大药,0.0
603966,法兰泰克,37209925.0
603967,中创物流,20008527.0
603968,醋化股份,113396778.0
603969,银龙股份,67410715.0
603970,中农立华,309547926.0
603976,正川股份,106715064.0
603977,国泰集团,55716519.0
603978,深圳新星,492015447.0
603979,金诚信,221402162.0
603980,吉华集团,302321940.0
603982,泉峰汽车,28791909.0
603983,丸美生物,124209598.0
603985,恒润股份,135678149.0
603986,兆易创新,10407944421.0
603987,康德莱,44557649.0
603988,中电电机,55665459.0
603989,艾华集团,535794094.0
603990,麦迪科技,262460204.0
603991,领先股份,706806322.0
603992,松霖科技,59386838.0
603993,洛阳钼业,1922467759.0
603995,甬金股份,100919193.0
603996,退市中新,0.0
603997,继峰股份,445253011.0
603998,方盛制药,69244952.0
603999,读者传媒,113283619.0
605001,威奥股份,19014143.0
605003,众望布艺,27825898.0
605005,合兴股份,13361220.0
605006,山东玻纤,482297690.0
605007,五洲特纸,50954458.0
605008,长鸿高科,101370778.0
605009,豪悦护理,34493837.0
605011,杭州热电,138439909.0
605016,百龙创园,65575376.0
605018,长华集团,235127915.0
605020,永和股份,256476416.0
605028,世茂能源,41262674.0
605033,美邦股份,36909851.0
605050,福然德,11000658.0
605055,迎丰股份,33033710.0
605056,咸亨国际,103988958.0
605058,澳弘电子,307954090.0
605060,联德股份,131797066.0
605066,天正电气,30887688.0
605068,明新旭腾,80606098.0
605069,正和生态,132573474.0
605077,华康股份,87272389.0
605080,浙江自然,58623544.0
605081,退市太和,0.0
605086,龙高股份,25147312.0
605088,冠盛股份,311146756.0
605089,味知香,51692629.0
605090,九丰能源,159700464.0
605098,行动教育,30458154.0
605099,共创草坪,26569618.0
605100,华丰股份,136569243.0
605108,同庆楼,23631487.0
605111,新洁能,697064884.0
605116,奥锐特,25417060.0
605117,德业股份,1275171714.0
605118,力鼎光电,119260594.0
605122,四方新材,40508483.0
605123,派克新材,109939901.0
605128,上海沿浦,67437252.0
605133,嵘泰股份,121087467.0
605136,丽人丽妆,199748999.0
605138,盛泰集团,19748028.0
605151,西上海,22236218.0
605155,西大门,25732324.0
605158,华达新材,37904361.0
605162,新中港,405559572.0
605166,聚合顺,39222755.0
605167,利柏特,79272276.0
605168,三人行,238801565.0
605169,洪通燃气,55444762.0
605177,东亚药业,183921320.0
605178,时空科技,274353409.0
605179,一鸣食品,423269124.0
605180,华生科技,89023254.0
605183,确成股份,27441774.0
605186,健麾信息,49524504.0
605188,国光连锁,96924539.0
605189,富春染织,90341853.0
605196,华通线缆,461445199.0
605198,安德利,470911759.0
605199,ST葫芦娃,4540376.0
605208,永茂泰,89853992.0
605218,伟时电子,102269882.0
605222,起帆电缆,95755228.0
605228,神通科技,44222831.0
605255,天普股份,31439711.0
605258,协和电子,317188493.0
605259,绿田机械,12021122.0
605266,健之佳,22950652.0
605268,王力安防,92769531.0
605277,新亚电子,139761708.0
605286,同力天启,60051703.0
605287,德才股份,87484058.0
605288,凯迪股份,181493239.0
605289,罗曼股份,239006796.0
605296,神农集团,195857200.0
605298,必得科技,23731494.0
605299,舒华体育,127954866.0
605300,佳禾食品,36957905.0
605303,园林股份,0.0
605305,中际联合,91338099.0
605318,法狮龙,87098807.0
605319,无锡振华,52639573.0
605333,沪光股份,28267410.0
605336,*ST帅电,11139661.0
605337,李子园,23037685.0
605338,巴比食品,25624783.0
605339,南侨食品,23223016.0
605358,立昂微,2516653438.0
605365,立达信,82917878.0
605366,宏柏新材,999696294.0
605368,蓝天燃气,15560385.0
605369,拱东医疗,33235809.0
605376,博迁新材,1680292590.0
605377,华旺科技,32478443.0
605378,野马电池,115503374.0
605388,均瑶健康,47810863.0
605389,长龄液压,64712659.0
605398,新炬网络,131751147.0
605399,晨光新材,86966978.0
605488,福莱新材,344199605.0
605499,东鹏饮料,229088724.0
605500,森林包装,27994783.0
605507,国邦医药,153770340.0
605555,德昌股份,155435867.0
605566,福莱蒽特,207041885.0
605567,春雪食品,52344128.0
605577,龙版传媒,164138384.0
605580,恒盛能源,286267785.0
605588,冠石科技,58995773.0
605589,圣泉集团,1192059091.0
605598,上海港湾,64645565.0
605599,菜百股份,79146519.0
688001,苏州华兴源创科技,749604093.0
688002,睿创微纳,1420327201.0
688003,天准科技,260711204.0
688004,北京博汇科技,331188907.0
688005,容百科技,189255355.0
688006,浙江杭可科技,115105352.0
688007,光峰科技,88636940.0
688008,澜起科技,6986851649.0
688009,中国通号,89515682.0
688010,福光股份,142903665.0
688011,新光光电科技股份,209941068.0
688012,中微半导体设备,4663691237.0
688013,天臣国际医疗科技,43946480.0
688015,交控科技,19070749.0
688016,心脉医疗,65628201.0
688017,绿的谐波,1279309295.0
688018,乐鑫科技,485239267.0
688019,安集科技,1058863897.0
688020,方邦股份,470105250.0
688021,奥福科技,26841783.0
688022,ST瀚川智能,21097055.0
688023,安恒信息,401115466.0
688025,杰普特光电,1634226585.0
688026,洁特生物股份,236937051.0
688027,科大国盾量子,597807174.0
688028,沃尔德金刚石,1264316454.0
688029,南微医学科技,170362458.0
688030,山石网科,89387261.0
688031,星环科技,742346342.0
688032,禾迈股份,69204664.0
688033,*ST天宜新材,28110115.0
688035,德邦科技股份,611344353.0
688036,传音控股,486865984.0
688037,芯源微电子,1324358904.0
688038,武汉中科通达,31449826.0
688039,当虹科技,46739973.0
688041,海光信息,4157915166.0
688045,必易微电子,133086150.0
688046,药康生物,271302112.0
688047,龙芯中科,381286506.0
688048,长光华芯,3438419073.0
688049,炬芯科技,370846529.0
688050,爱博诺德医疗,63261564.0
688051,罗克佳华科技,39232110.0
688052,纳芯微电子,731358446.0
688053,ST思科瑞微电子,20873572.0
688055,昆山龙腾光电,30943375.0
688056,莱伯泰科仪器,243452418.0
688057,金达莱环保,94822803.0
688058,宝兰德软件,32042534.0
688059,株洲华锐精密,310170395.0
688060,江苏云涌电子科技,19506818.0
688061,灿瑞科技,81579638.0
688062,迈威生物,137607870.0
688063,派能科技,173004081.0
688065,凯赛生物,125105393.0
688066,*ST航天宏图,126599423.0
688067,爱威科技,29515769.0
688068,热景生物,161332156.0
688069,德林海环保,76219874.0
688070,成都纵横,72551102.0
688071,华依科技集团,97490709.0
688072,拓荆科技,3705263954.0
688073,毕得医药科技股份,293299270.0
688075,安旭生物,16572056.0
688076,ST诺泰生物,56276296.0
688077,大地熊新材料,91135586.0
688078,龙软科技,45802183.0
688079,美迪凯股份,531438681.0
688080,映翰通网络,36458811.0
688081,兴图新科,42093730.0
688082,盛美上海半导体,1798233550.0
688083,中望软件,62782130.0
688084,晶品特装,39323010.0
688085,三友医疗,36273180.0
688086,退市紫晶,0.0
688087,英科再生,60157820.0
688088,虹软科技,96047868.0
688089,ST嘉必优生物,9332758.0
688090,瑞松科技,535400151.0
688091,上海谊众药业,94258910.0
688092,爱科科技股份,21873294.0
688093,世华科技,47091415.0
688095,福昕软件开发,112566505.0
688096,江苏京源环保,63994011.0
688097,博众精工科技,217115318.0
688098,申联生物医药,23808721.0
688099,晶晨半导体,781541341.0
688100,威胜信息,41907687.0
688101,三达膜环境技术,27950365.0
688102,陕西斯瑞新材股份,282239352.0
688103,国力电子,198620456.0
688105,诺唯赞生物,364574474.0
688106,金宏气体,309316391.0
688107,安路科技,200081398.0
688108,赛诺医疗科学,95990264.0
688109,品茗科技,57439966.0
688110,东芯股份,1967222390.0
688111,金山办公,821947469.0
688112,鼎阳科技,1688134807.0
688113,联测科技,32323710.0
688114,华大智造,736439478.0
688115,思林杰科技,254009697.0
688116,天奈科技,169223973.0
688117,圣诺生物,183494652.0
688118,普元信息,36288204.0
688119,中钢洛耐,32566583.0
688120,华海清科,2159606242.0
688121,*ST卓然技术,9944097.0
688122,西部超导,402383845.0
688123,聚辰半导体,1457448094.0
688125,安达智能,119972933.0
688126,上海硅产业集团,1411856162.0
688127,蓝特光学,519940333.0
688128,中国电器研究院,29507546.0
688129,东来涂料技术股份,27261503.0
688130,晶华微电子,58474464.0
688131,皓元医药,519268827.0
688132,邦彦技术股份,33746629.0
688133,泰坦股份,102118580.0
688135,利扬芯片,467791205.0
688136,科兴生物制药,162140804.0
688137,近岸蛋白,1101744701.0
688138,清溢光电,306973041.0
688139,海尔生物,161769611.0
688141,杰华特微电子,1504282857.0
688143,长盈通光电,2264936649.0
688146,中船派瑞特气,2638035051.0
688147,微导纳米科技,655663369.0
688148,芳源股份,60321927.0
688150,莱特光电股份,333176845.0
688151,华强科技,48871603.0
688152,麒麟信安,358029445.0
688153,唯捷创芯,90468001.0
688155,先惠技术,117651685.0
688156,路德科技,74782917.0
688157,松井新材料,55953958.0
688158,优刻得科技,300232418.0
688159,有方科技,123948419.0
688160,步科自动化,99084537.0
688161,威高骨科,15019479.0
688162,巨一科技,49002040.0
688163,赛伦生物,161551360.0
688165,埃夫特智能,60715118.0
688166,博瑞生物医药,262477320.0
688167,西安炬光科技,1763961961.0
688168,北京安博通,255775949.0
688169,石头科技,583437980.0
688170,德龙激光,357125001.0
688171,纬德信息,162662948.0
688172,燕东微电子股份,422300800.0
688173,希荻微电子,113854249.0
688175,珠海高凌信息,207827082.0
688176,亚虹医药科技,226716081.0
688177,百奥泰生物,101916997.0
688178,万德斯环保,38268891.0
688179,阿拉丁科技,664585986.0
688180,君实生物,399387849.0
688181,八亿时空液晶股份,349327148.0
688182,灿勤科技,155958235.0
688183,生益电子,1584264492.0
688184,ST帕瓦股份,5793105.0
688185,康希诺生物,889901544.0
688186,张家港广大特材,41390243.0
688187,时代电气,137191034.0
688188,上海柏楚电子科技,146211580.0
688189,ST南新制药,18022867.0
688190,云路先进材料股份,73758523.0
688191,智洋创新科技,163480096.0
688192,迪哲医药,178407015.0
688193,仁度生物,18866016.0
688195,腾景科技,1162846464.0
688196,卓越新能,92905858.0
688197,首药控股,61907172.0
688198,佰仁医疗科技,29584055.0
688199,久日新材料,111977910.0
688200,华峰测控,2133027770.0
688201,ST信安世纪,21814186.0
688202,美迪西生物医药,592443018.0
688203,海正生物材料,661672493.0
688205,德科立光电子,2282755111.0
688206,概伦电子,196484286.0
688207,格灵深瞳,185233085.0
688208,道通科技,138106168.0
688209,英集芯科技,567110129.0
688210,泛海统联精密制造,84402576.0
688211,中科微至,24441813.0
688212,澳华内镜,83451664.0
688213,思特威电子科技,398769026.0
688215,瑞晟智能科技,54819711.0
688216,气派科技,272775219.0
688217,上海睿昂基因,22961955.0
688218,江苏北人,135618720.0
688219,会通股份,42193774.0
688220,翱捷科技,591977739.0
688221,前沿生物,151875942.0
688222,成都先导,955576270.0
688223,晶科能源,297350237.0
688225,亚信安全,331809267.0
688226,威腾电气集团股份,232866158.0
688227,品高股份,206929791.0
688228,开普云信息科技,116606747.0
688229,博睿宏远数据,28571085.0
688230,芯导科技,78387928.0
688231,隆达超合金股份,162873001.0
688232,国泰新点软件,35673001.0
688233,神工半导体,553663542.0
688234,天岳先进,1049336743.0
688235,百济神州,597287775.0
688236,春立正达医疗,22541382.0
688237,超卓航科,60977858.0
688238,和元生物,351450044.0
688239,贵州航宇科技,326607124.0
688244,永信至诚,270535534.0
688246,嘉和美康科技,35722109.0
688247,宣泰医药,78733745.0
688248,南方电网电力科技,150131983.0
688249,晶合集成,574426316.0
688251,井松智能科技,51847407.0
688252,天德钰科技,114062363.0
688253,英诺特生物股份,58074607.0
688255,凯尔达机器人,74951315.0
688256,寒武纪科技,8843414396.0
688257,新锐股份,807298587.0
688258,江苏卓易信息科技,287745070.0
688259,创耀通信科技,86356716.0
688260,昀冢科技,540025104.0
688261,东微半导体,338064857.0
688262,苏州国芯科技,252240058.0
688265,南方模式生物,190805292.0
688266,泽璟制药,339514720.0
688267,XD中触媒股份,44858084.0
688268,广东华特气体,408080310.0
688269,西安凯立新材,44846812.0
688270,ST臻镭科技,220961527.0
688271,联影医疗,864400401.0
688272,富吉瑞光电,40168913.0
688273,麦澜德医疗,41477446.0
688275,万润新能源,215619506.0
688276,长春百克生物科技,72862348.0
688277,天智航医疗,67275037.0
688278,特宝生物,104897632.0
688279,峰岹科技,265653219.0
688280,精进电动,61689802.0
688281,华秦科技实业,114256523.0
688282,理工导航,52233912.0
688283,坤恒顺维,175625669.0
688285,高铁电气,14983925.0
688286,敏芯股份,370900079.0
688287,退市观典,0.0
688288,鸿泉技术,34833959.0
688289,圣湘生物,71777940.0
688290,景业智能,59005485.0
688291,金橙子科技,116454285.0
688292,浩瀚深度信息技术,181205858.0
688293,奥浦迈生物,417689022.0
688295,中复神鹰碳纤维,147388843.0
688296,和达科技,215388284.0
688297,中航无人机,252838712.0
688298,东方基因生物,29924847.0
688299,长阳科技,55676358.0
688300,联瑞新材,1603236752.0
688301,奕瑞科技股份,704644952.0
688302,海创药业,36151527.0
688303,大全能源,112825350.0
688305,科德数控,88868678.0
688306,均普智能制造,146623898.0
688307,中润光学,178115304.0
688308,欧科亿数控刀具,451332375.0
688309,恒誉科技,137633463.0
688310,迈得医疗,33893630.0
688311,盟升电子,85247774.0
688312,燕麦科技,659256350.0
688313,仕佳光子,2319778889.0
688314,康拓医疗,51166832.0
688315,诺禾致源科技,589046707.0
688316,青云科技,58420135.0
688317,上海之江生物,66423151.0
688318,财富趋势,288368663.0
688319,欧林生物,229471793.0
688320,禾川科技,192993045.0
688321,微芯生物,196331927.0
688322,奥比中光,476386803.0
688323,瑞华泰薄膜科技,260411002.0
688325,赛微微电子,144166606.0
688326,经纬恒润,57817254.0
688327,云从科技,157437768.0
688328,深科达智能装备,375257907.0
688329,苏州艾隆科技,43197981.0
688330,宏力达信息,51545762.0
688331,荣昌生物,614903390.0
688332,中科蓝讯,513750479.0
688333,西安铂力特,1441394563.0
688334,西高院,20407729.0
688335,复洁科技,39253828.0
688336,三生国健,220366395.0
688337,普源精电,980656852.0
688338,赛科希德,63099056.0
688339,亿华通科技,155125587.0
688343,云天励飞股份,628703044.0
688345,博力威,85181309.0
688347,华虹宏力半导体,2667776979.0
688348,昱能科技,39279401.0
688349,三一重能,96476104.0
688350,富淼科技,74029492.0
688351,微创电生理股份,39272938.0
688352,颀中科技,454743423.0
688353,华盛锂电,266686394.0
688355,明志科技,19094657.0
688356,键凯科技,586170671.0
688357,建龙微纳,30656644.0
688358,祥生医疗科技,21588623.0
688359,三孚新材料科技,458671522.0
688360,德马科技,98258491.0
688361,中科飞测,3131945750.0
688362,甬矽电子,852812718.0
688363,华熙生物,72076291.0
688365,光云科技,235439321.0
688366,昊海生物科技,10451567.0
688367,工大高科,38890057.0
688368,晶丰明源半导体,642269871.0
688369,致远互联,43905795.0
688370,丛麟环保科技,37545175.0
688371,菲沃泰纳米科技,195229408.0
688372,伟测科技,777595727.0
688373,盟科药业,79770805.0
688375,国博电子,207652638.0
688376,美埃科技,103436654.0
688377,迪威尔高端制造,43259279.0
688378,奥来德光电,514004941.0
688379,华光新材,410706104.0
688380,中微半导,273398965.0
688381,帝奥微电子,517696135.0
688382,益方生物科技,287667026.0
688383,新益昌科技,368867282.0
688385,复旦微电,703560192.0
688386,泛亚微透,133880305.0
688387,中信科移动,389775358.0
688388,嘉元科技,1025716791.0
688389,深圳普门科技,20643944.0
688390,固德威电源,366292487.0
688391,钜泉科技,39308027.0
688392,XD骄成超声波,419455043.0
688393,安必平医药,48042501.0
688395,深圳正弦电气股份,65209412.0
688396,华润微电子,855009886.0
688398,赛特新材,40522250.0
688399,硕世生物,45534093.0
688400,凌云光技术,570187775.0
688401,路维光电,372937420.0
688403,汇成股份,1208229025.0
688408,中信博新能源,46426886.0
688409,富创精密,1009258214.0
688410,山外山血液净化,60548721.0
688411,海博思创,315709386.0
688416,恒烁股份,355392273.0
688418,震有科技,105556205.0
688419,耐科装备,141425804.0
688420,天津美腾科技,23083785.0
688425,铁建重工,40401306.0
688426,康为世纪生物科技,86318853.0
688428,诺诚健华,554388566.0
688429,时创能源,11913000.0
688432,有研硅,3238708372.0
688433,华曙高科,403210052.0
688435,英方软件,54680356.0
688439,振华风光,67748559.0
688443,智翔金泰,82723098.0
688448,南京磁谷科技,228442054.0
688449,联芸科技,381394966.0
688450,光格科技,42382753.0
688455,科捷智能,45469430.0
688456,有研粉材,371496827.0
688458,美芯晟科技,76693522.0
688459,哈铁科技,8513457.0
688466,金科环境,18131987.0
688468,科美诊断,24043797.0
688469,芯联集成,850248202.0
688472,阿特斯阳光电力,187343017.0
688475,萤石网络,123901748.0
688478,晶升股份,360647585.0
688479,用友汽车信息科技,81868023.0
688480,赛恩斯环保,95522705.0
688484,南芯科技,187618683.0
688485,九州一轨环科,1084256240.0
688486,龙迅股份,272256247.0
688488,艾迪药业,93902319.0
688489,三未信安,88166663.0
688496,*ST清越科技,0.0
688498,源杰科技,6189649531.0
688499,广东利元亨,236329679.0
688500,慧辰资讯股份公司,48944511.0
688501,青岛达能环保,67328095.0
688502,茂莱光学,631207562.0
688503,聚和材料股份公司,802604061.0
688505,复旦张江股份,70395776.0
688506,百利天恒药业,370971439.0
688507,索辰科技,350326459.0
688508,芯朋微电子,478301562.0
688509,正元地信,18876159.0
688510,航亚科技,144367263.0
688511,天微电子,39452899.0
688512,慧智微电子,797613188.0
688513,苑东生物,82493732.0
688515,裕太微电子,397212112.0
688516,奥特维科技,279816989.0
688517,金冠电气,58801795.0
688518,联赢激光股份,241116730.0
688519,南亚新材料,1214825831.0
688520,神州细胞集团公司,83389201.0
688521,芯原微电子,3367276977.0
688522,纳睿雷达科技,57066488.0
688523,航天环宇科技,104134292.0
688525,佰维存储,3311029700.0
688526,武汉科前生物,8590446.0
688528,秦川物联网,23522929.0
688529,豪森智能股份,31627730.0
688530,欧莱新材,381800884.0
688531,日联科技股份,613741084.0
688533,上声电子股份,18590162.0
688535,华海诚科新材料,644407865.0
688536,思瑞浦股份,1064462642.0
688538,和辉光电,106387077.0
688539,高华科技,47728161.0
688543,国科军工,243814856.0
688545,兴福电子,592269230.0
688548,广钢气体股份,851551873.0
688549,中巨芯科技,864744726.0
688550,瑞联新材料,103187000.0
688551,科威尔股份,210973478.0
688552,航天南湖,61964571.0
688553,汇宇制药,164736971.0
688555,退市泽达,0.0
688556,高测科技股份,102758588.0
688557,兰剑智能,27989862.0
688558,国盛智科股份,49308222.0
688559,海目星激光,719861506.0
688560,明冠新材料,36217336.0
688561,奇安信集团,557583720.0
688562,航天软件股份,35963781.0
688563,航空材料股份,95662168.0
688565,力源科技,23940168.0
688566,吉贝尔药业,63046912.0
688567,孚能科技,67772277.0
688568,中科星图公司,315036932.0
688569,铁科轨道,17700046.0
688570,天玛智控,6631391.0
688571,杭华油墨股份,54845668.0
688573,信宇人,74990035.0
688575,亚辉龙生物,84693525.0
688576,西山科技,16390835.0
688577,海德曼装备,38546474.0
688578,艾力斯医药科技,864766066.0
688579,地纬智能,25687879.0
688580,伟思医疗,48458064.0
688581,安杰思医学,65421892.0
688582,芯动联科,130918411.0
688583,杭州思看科技,151641145.0
688584,上海合晶硅材料,332571687.0
688585,上纬新材,242840057.0
688586,江航飞机装备,51389787.0
688588,凌志软件,19212029.0
688589,力合微电子,57034943.0
688590,新致软件,65952990.0
688591,泰凌微,153824962.0
688592,司南导航,23209743.0
688593,新相微,370423589.0
688595,芯海科技,83038214.0
688596,正帆科技,853367984.0
688597,煜邦电力,17314595.0
688598,金博碳素股份,585928650.0
688599,天合光能,288018704.0
688600,皖仪科技,140272563.0
688601,力芯微股份,205411586.0
688602,康鹏科技,20721150.0
688603,天承科技,744983214.0
688605,先锋精科,377689041.0
688606,奥泰生物,14968049.0
688607,康众数字医疗科技,56506317.0
688608,恒玄科技,734849104.0
688609,广东九联科技,189625896.0
688610,埃科光电,178937274.0
688611,杭州柯林股份,57921514.0
688612,威迈斯,182600947.0
688613,奥精医疗,174588380.0
688615,合合信息,407879628.0
688616,西力科技,19991953.0
688617,惠泰医疗,430411841.0
688618,三旺通信,72358520.0
688619,罗普特科技,43697298.0
688620,安凯微电子,319873840.0
688621,阳光诺和,88736416.0
688622,*ST禾信仪器,131011201.0
688623,双元科技,46238056.0
688625,呈和科技,626099732.0
688626,翔宇医疗,107341153.0
688627,精智达技术,1666923614.0
688628,优利德科技,1489321885.0
688629,四川华丰科技,1475295248.0
688630,芯碁微装,1079860012.0
688631,莱斯信息,67041063.0
688633,星球石墨,39720409.0
688635,长进光子,483741759.0
688636,智明达电子,119561899.0
688638,誉辰智能,21876235.0
688639,华恒生物,70118017.0
688646,逸飞激光,268659338.0
688648,中邮科技,40474519.0
688651,远江盛邦安全,79690586.0
688652,京仪装备,498226595.0
688653,康希通信,221307385.0
688655,迅捷兴科技,938840072.0
688656,浩欧博生物,217948120.0
688657,浩辰软件,22671406.0
688658,悦康药业,138777521.0
688659,元琛科技,28469787.0
688660,电气风电,195654264.0
688661,和林微纳科技,392990667.0
688662,广东富信科技,2227832582.0
688663,新风光科技,118307596.0
688665,四方光电股份,59154473.0
688667,菱电电控,102180621.0
688668,鼎通科技,1216950817.0
688669,聚石化学股份,142134913.0
688670,金迪克生物,33619130.0
688671,碧兴物联,42622944.0
688676,海南金盘智能科技,517830703.0
688677,青岛海泰新光,397597483.0
688678,福立旺精密,1250305037.0
688679,通源环境,113831454.0
688680,海优新材,74676535.0
688681,科汇电力自动化,31725867.0
688682,霍莱沃技术,319101255.0
688683,莱尔科技,42660648.0
688685,迈信林航空股份,134195020.0
688686,奥普特科技,192656062.0
688687,北京凯因科技,93432049.0
688688,蚂蚁集团,0.0
688689,常州银河微电,257678552.0
688690,纳微科技,371140296.0
688691,灿芯半导体股份,256373856.0
688692,达梦数据,178905975.0
688693,锴威特,104403229.0
688695,中创股份,24350389.0
688696,极米科技,100540745.0
688697,纽威数控装备,85034222.0
688698,伟创电气,108498915.0
688699,明微电子,287558204.0
688700,XD东威科技,733911992.0
688701,浙江卓锦股份,22716517.0
688702,盛科通信,1889218980.0
688707,振华新材料,45261716.0
688708,佳驰科技,55757490.0
688709,成都华微,163898338.0
688710,益诺思生物,304135941.0
688711,江苏宏微科技,308920472.0
688712,北芯生命,41546015.0
688716,中研股份,32995973.0
688717,艾罗能源,220473862.0
688718,唯赛勃科技,30702785.0
688719,爱科赛博,288191802.0
688720,艾森股份,227556739.0
688721,龙图光罩,103385124.0
688722,同益中新材料,25481784.0
688726,拉普拉斯,300613326.0
688727,恒坤新材,128999463.0
688728,格科微有限公司,293836073.0
688729,屹唐半导体股份,616929731.0
688733,壹石通,181003682.0
688737,中自科技,26764822.0
688739,成大生物,29773944.0
688750,湘投金天钛业,30688251.0
688755,汉邦科技,109403432.0
688757,胜科纳米,371511919.0
688758,赛分科技,276134397.0
688759,必贝特,65675822.0
688765,武汉禾元生物,163531538.0
688766,普冉半导体,2726682159.0
688767,杭州博拓生物科技,117239307.0
688768,容知日新,57552687.0
688772,珠海冠宇电池,218508714.0
688775,影石创新,429195840.0
688776,国光电气,271746401.0
688777,中控技术,945846642.0
688778,厦钨新能源,209655204.0
688779,五矿新能,171180840.0
688781,视涯科技,226158367.0
688783,西安奕材,789463976.0
688785,恒运昌股份,236947329.0
688786,悦安新材,104556414.0
688787,海天瑞声,133675492.0
688788,科思科技,84925237.0
688789,杭州宏华数码科技,179219639.0
688790,昂瑞微,188624897.0
688793,倍轻松科技,27193425.0
688795,摩尔线程,2207961113.0
688796,百奥赛图,186953605.0
688797,臻宝科技,650560175.0
688798,艾为电子,155269201.0
688799,华纳大药厂,134091533.0
688800,瑞可达连接系统,737077526.0
688801,燧原科技,1170069295.0
688802,沐曦股份,1922099388.0
688805,健信超导,40435364.0
688806,泰诺麦博,213391187.0
688807,优迅芯片股份,528087288.0
688808,联讯仪器,1417035845.0
688809,强一股份,590608166.0
688811,有研金属复材,85002990.0
688813,泰金新能,649882105.0
688816,易思维,16425142.0
688818,中电科蓝天科技,228865510.0
688819,天能电池集团股份,39154460.0
688820,盛合晶微,841981660.0
688825,长鑫科技,11775048922.0
688826,频准激光,661828548.0
688828,国仪公司,232113927.0
688835,高凯技术,770198151.0
688836,宇树科技,1223520046.0
688837,C信诺维,529508996.0
688981,中芯国际,3150561943.0
830779,武汉蓝电,0.0
830799,艾融软件,0.0
830809,安达科技,0.0
830832,齐鲁华信,0.0
830839,万通液压,0.0
830879,基康技术,0.0
830896,旺成科技,0.0
830946,森萱医药,0.0
830964,润农节水,0.0
830974,凯大催化,0.0
831010,凯添燃气,0.0
831039,国义招标,0.0
831087,秋乐种业,0.0
831152,昆工科技,0.0
831167,鑫汇科,0.0
831175,派诺科技,0.0
831195,三祥科技,0.0
831278,泰德股份,0.0
831304,迪尔化工,0.0
831305,海希通讯,0.0
831370,新安洁,0.0
831396,许昌智能,0.0
831445,龙竹科技,0.0
831526,凯华材料,0.0
831627,力王股份,0.0
831641,格利尔,0.0
831689,克莱特,0.0
831726,朱老六,0.0
831768,拾比佰,0.0
831832,科达自控,0.0
831834,三维装备,0.0
831855,浙江大农,0.0
831856,浩淼科技,0.0
831906,舜宇精工,0.0
831961,创远信科,0.0
832000,安徽凤凰,0.0
832023,田野股份,0.0
832089,禾昌聚合,0.0
832110,雷特科技,0.0
832145,恒合股份,0.0
832149,利尔达,0.0
832171,志晟信息,0.0
832175,东方碳素,0.0
832225,利通科技,0.0
832278,鹿得医疗,0.0
832317,观典防务,0.0
832419,路斯股份,0.0
832469,富恒新材,0.0
832471,美邦科技,0.0
832491,奥迪威,0.0
832522,纳科诺尔,0.0
832566,梓橦宫,0.0
832651,天罡股份,0.0
832662,方盛股份,0.0
832735,德源药业,0.0
832786,骑士乳业,0.0
832802,保丽洁,0.0
832876,慧为智能,0.0
832885,星辰科技,0.0
832978,开特股份,0.0
832982,锦波生物,0.0
833030,立方控股,0.0
833075,柏星龙,0.0
833171,国航远洋,0.0
833230,欧康医药,0.0
833266,生物谷,0.0
833284,灵鸽科技,0.0
833346,威贸电子,0.0
833394,民士达,0.0
833427,华维设计,0.0
833429,康比特,0.0
833454,同心传动,0.0
833455,汇隆活塞,0.0
833509,同惠电子,0.0
833523,德瑞锂电,0.0
833533,骏创科技,0.0
833575,康乐卫士,0.0
833580,科创新材,0.0
833751,惠同新材,0.0
833781,瑞奇智造,0.0
833819,颖泰生物,0.0
833873,中设咨询,0.0
833874,泰祥股份,0.0
833914,远航精密,0.0
833943,优机股份,0.0
833994,翰博高新,0.0
834014,特瑞斯,0.0
834021,流金科技,0.0
834033,康普化学,0.0
834058,华洋赛车,0.0
834062,科润智控,0.0
834261,一诺威,0.0
834407,驰诚股份,0.0
834415,恒拓开源,0.0
834475,三友科技,0.0
834599,同力股份,0.0
834639,晨光电缆,0.0
834682,球冠电缆,0.0
834765,美之高,0.0
834770,艾能聚,0.0
834950,迅安科技,0.0
835174,五新隧装,0.0
835179,凯德石英,0.0
835184,国源科技,0.0
835185,贝特瑞,0.0
835207,众诚科技,0.0
835237,力佳科技,0.0
835305,*ST云创,0.0
835368,连城数控,0.0
835438,戈碧迦,0.0
835508,殷图网联,0.0
835579,机科股份,0.0
835640,富士达,0.0
835670,数字人,0.0
835857,百甲科技,0.0
835892,中科美菱,0.0
835985,海泰新能,0.0
836077,吉林碳谷,0.0
836149,旭杰科技,0.0
836208,青矩技术,0.0
836221,易实精密,0.0
836239,长虹能源,0.0
836247,华密新材,0.0
836260,中寰股份,0.0
836263,中航泰达,0.0
836270,天铭科技,0.0
836395,朗鸿科技,0.0
836414,欧普泰,0.0
836419,万德股份,0.0
836422,润普食品,0.0
836433,大唐药业,0.0
836504,博迅生物,0.0
836547,无锡晶海,0.0
836675,秉扬科技,0.0
836699,海达尔,0.0
836717,瑞星股份,0.0
836720,吉冈精密,0.0
836807,奔朗新材,0.0
836826,盖世食品,0.0
836871,派特尔,0.0
836892,广咨国际,0.0
836942,恒立钻具,0.0
836957,汉维科技,0.0
836961,西磁科技,0.0
837006,晟楠科技,0.0
837023,芭薇股份,0.0
837046,亿能电力,0.0
837092,汉鑫科技,0.0
837174,宏裕包材,0.0
837212,智新电子,0.0
837242,建邦科技,0.0
837344,三元基因,0.0
837403,康农种业,0.0
837592,华信永道,0.0
837663,明阳科技,0.0
837748,路桥信息,0.0
837821,则成电子,0.0
838030,德众汽车,0.0
838163,方大新材,0.0
838171,邦德股份,0.0
838227,美登科技,0.0
838262,太湖雪,0.0
838275,驱动力,0.0
838402,硅烷科技,0.0
838670,恒进感应,0.0
838701,豪声电子,0.0
838810,春光智能,0.0
838837,华原股份,0.0
838924,广脉科技,0.0
838971,天马新材,0.0
839167,同享科技,0.0
839273,一致魔芋,0.0
839371,欧福蛋业,0.0
839493,并行科技,0.0
839680,*ST广道,0.0
839719,宁新新材,0.0
839725,惠丰钻石,0.0
839729,永顺生物,0.0
839790,联迪信息,0.0
839792,东和新材,0.0
839946,华阳变速,0.0
870199,倍益康,0.0
870204,沪江材料,0.0
870299,灿能电力,0.0
870357,雅葆轩,0.0
870436,大地电气,0.0
870508,丰安股份,0.0
870656,海昇药业,0.0
870726,鸿智科技,0.0
870866,绿亨科技,0.0
870976,视声智能,0.0
871245,威博液压,0.0
871263,莱赛激光,0.0
871396,常辅股份,0.0
871478,巨能股份,0.0
871553,凯腾精工,0.0
871634,新威凌,0.0
871642,通易航天,0.0
871694,中裕科技,0.0
871753,天纺标,0.0
871857,泓禧科技,0.0
871970,大禹生物,0.0
871981,晶赛科技,0.0
872190,雷神科技,0.0
872351,华光源海,0.0
872374,云里物里,0.0
872392,佳合科技,0.0
872541,铁大科技,0.0
872808,曙光数创,0.0
872895,花溪科技,0.0
872925,锦好医疗,0.0
872931,无锡鼎邦,0.0
872953,国子软件,0.0
873001,纬达光电,0.0
873122,中纺标,0.0
873132,泰鹏智能,0.0
873152,天宏锂电,0.0
873167,新赣江,0.0
873169,七丰精工,0.0
873223,荣亿精密,0.0
873305,九菱科技,0.0
873339,恒太照明,0.0
873527,夜光明,0.0
873570,坤博精工,0.0
873576,天力复合,0.0
873593,鼎智科技,0.0
873665,科强股份,0.0
873679,前进科技,0.0
873690,捷众科技,0.0
873693,阿为特,0.0
873703,广厦环能,0.0
873706,铁拓机械,0.0
873726,卓兆点胶,0.0
873806,云星宇,0.0
873833,美心翼申,0.0
920000,安徽凤凰,8175426.03
920001,纬达光电,30274605.68
920002,万达轴承,133160382.76
920003,中诚咨询,25788600.1
920005,鼎佳精密,55166628.58
920006,晟楠科技,19179661.02
920007,酉立智能,4041385.46
920008,成电光信,18184437.76
920009,丹娜生物,5262889.79
920010,凯添燃气,38136347.34
920011,晨光电机,5406776.34
920012,创达新材,51950879.99
920014,特瑞斯,4888509.33
920015,锦华新材,180775859.32
920016,中草香料,10715466.39
920017,星昊医药,10424431.77
920018,宏远股份,7946371.02
920019,铜冠矿建,60845477.65
920020,泰凯英,3200064.63
920021,流金科技,120594853.6
920022,世昌股份,3509466.8
920023,*ST田野,2953555.23
920025,凯达重工,397738460.41
920026,卓兆点胶,19828860.79
920027,交大铁发,3688648.68
920028,新恒泰,21620794.38
920029,开发科技,23566734.46
920030,德众汽车,33910666.63
920033,康普化学,4869139.74
920035,精创电气,6805862.9
920036,觅睿科技,8766414.77
920037,广信科技,21988855.7
920038,森合高科,65962670.79
920039,国义招标,8493056.92
920045,蘅东光,697868826.76
920046,亿能电力,28530559.18
920047,诺思兰德,47895324.47
920050,爱伦医疗,2337547.94
920055,隆源股份,5850126.89
920056,能之光,5225171.84
920057,百甲科技,9945253.38
920058,华洋赛车,11966393.81
920059,双英集团,17835008.62
920060,万源通,255084591.38
920061,西磁科技,13841344.27
920062,科润智控,7694088.89
920065,XD千岸科,99476948.36
920066,科拜尔,4204199.43
920068,天工股份,11534980.97
920069,普昂医疗,4617670.84
920071,金钛股份,234225794.11
920072,科莱瑞迪,9741183.3
920075,柏星龙,15778533.1
920076,国亮新材,3035596.74
920077,吉林碳谷,55515691.69
920078,族兴新材,29197560.68
920079,乔路铭,25639734.43
920080,奥美森,3442572.8
920081,欧伦电气,78798502.17
920082,方正阀门,2734271.84
920083,金戈新材,220038697.59
920086,科马材料,6677080.39
920087,秋乐种业,131181476.69
920088,科力股份,132406463.31
920089,禾昌聚合,8348021.81
920090,*ST同辉,4348227.44
920091,大鹏工业,10344262.08
920092,汉鑫科技,14534673.9
920093,信胜科技,16134203.16
920096,嘉晨智能,15969550.29
920098,科隆新材,18636570.2
920099,瑞华技术,5430229.36
920100,三协电机,79761450.41
920101,志高机械,2868607.67
920106,林泰新材,25080698.71
920107,恒兴股份,13290114.75
920108,宏海科技,2448328.22
920110,雷特科技,2269411.23
920111,聚星科技,33499251.04
920112,巴兰仕,5241252.02
920116,星图测控,55824781.48
920117,龙鑫智能,79768815.51
920118,太湖远大,4952294.09
920119,美德乐,15144516.72
920121,江天科技,2725671.67
920122,中纺标,105277022.32
920123,芭薇股份,5510046.6
920124,南特科技,6459803.73
920125,鸿仕达,209397465.72
920126,永大股份,9599339.53
920128,胜业电气,27340576.32
920130,立方控股,20271049.2
920132,泰鹏智能,8940110.92
920136,永励精密,20499054.58
920138,杰理科技,115496388.26
920139,华岭股份,49649363.81
920145,恒合股份,5718875.33
920146,华阳变速,68540347.22
920149,旭杰科技,5955202.64
920152,昆工科技,9631155.76
920156,海昌智能,16678817.73
920158,长江能科,5639947.65
920159,农大科技,13531741.1
920160,北矿检测,3663264.79
920161,龙辰科技,52279267.19
920163,方大新材,7142746.29
920165,珈凯生物,9460283.78
920166,海圣医疗,2211552.13
920167,同享科技,9854008.61
920168,通宝光电,4184089.21
920169,七丰精工,18838941.2
920171,志晟信息,8932926.9
920174,五新智能,39364891.04
920175,东方碳素,6335947.6
920176,维琪科技,59566320.05
920177,恒道科技,5426418.13
920178,锐翔智能,67536823.17
920179,凯德石英,159900662.61
920180,爱得科技,3532190.79
920181,赛英电子,37241711.19
920183,海菲曼,7111723.65
920184,国源科技,9345622.88
920185,贝特瑞,67751525.19
920186,中科仪,195725700.01
920187,通领科技,4629842.21
920188,悦龙科技,7972746.94
920189,康美特,62338701.63
920190,雷神科技,56856945.91
920191,瑞尔竞达,3616635.37
920193,吉和昌,46154775.5
920195,三祥科技,4230901.91
920198,微创光电,11883273.86
920199,倍益康,18702579.06
920200,振宏股份,157964158.56
920201,百瑞吉,248456500.1
920204,沪江材料,4339608.3
920206,彩客科技,34127326.67
920207,众诚科技,35863905.45
920208,青矩技术,22165398.38
920211,新睿电子,40142995.07
920212,智新电子,16798222.5
920218,新天力,8110250.54
920220,朗信电气,23843958.43
920221,易实精密,11393838.57
920222,益坤电气,25544283.18
920223,荣亿精密,47913571.85
920225,利通科技,39924845.68
920227,美登科技,22308458.27
920229,世纪数码,379189806.54
920230,欧康医药,14644123.16
920237,力佳科技,5565968.79
920238,长鹰硬科,116312329.85
920239,长虹能源,18090337.44
920242,建邦科技,4213299.88
920245,威博液压,5537449.81
920247,华密新材,42464276.08
920249,利尔达,20961121.36
920252,天宏锂电,11688297.95
920258,聚仁新材,24019366.37
920260,中寰股份,3986765.42
920261,一诺威,7136653.46
920262,太湖雪,22411813.46
920263,中航泰达,2543442.3
920266,生物谷,8450186.44
920267,鑫汇科,7610923.5
920268,百迈科,109908511.1
920269,杰锋动力,38095243.54
920270,天铭科技,5595163.23
920271,邦德股份,5498015.7
920273,一致魔芋,16689678.92
920274,宏裕包材,11715613.58
920275,驱动力,4698054.08
920278,鹿得医疗,3229496.83
920284,灵鸽科技,21399512.56
920288,华大海天,33476753.94
920289,华汇智能,51252081.51
920298,腾信精密,479212439.42
920299,灿能电力,11012808.52
920300,辰光医疗,6743972.42
920304,迪尔化工,7195678.52
920305,云创退,0.0
920339,恒太照明,6303491.34
920344,三元基因,153684174.59
920346,威贸电子,31717234.6
920351,华光源海,19033650.0
920357,雅葆轩,24011159.1
920363,莱赛激光,7840156.25
920367,新赣江,101380722.6
920368,连城数控,53139711.71
920370,新安洁,3831379.38
920371,欧福蛋业,23483243.46
920374,云里物里,6829627.34
920375,派诺科技,5882124.15
920378,泰德股份,7924237.73
920392,佳合科技,5362438.14
920394,民士达,83331318.29
920395,朗鸿科技,3683753.59
920396,常辅股份,8048219.35
920402,硅烷科技,27110484.19
920403,康农种业,39259941.36
920405,海希通讯,45659015.36
920407,驰诚股份,6932185.21
920414,欧普泰,6627700.92
920415,恒拓开源,11315720.3
920418,苏轴股份,94537346.0
920419,路斯股份,5257305.67
920422,润普食品,5291686.95
920425,乐创技术,13281536.82
920427,华维设计,87620031.26
920429,康比特,7436998.79
920433,大唐药业,3927807.77
920436,大地电气,5233510.43
920438,戈碧迦,739704684.02
920445,龙竹科技,52131502.03
920454,同心传动,9969708.19
920455,汇隆活塞,2559803.16
920469,富恒新材,8907974.37
920471,美邦科技,6354784.14
920475,三友科技,4306050.86
920476,海能技术,15626056.89
920478,峆一药业,92269864.85
920489,佳先股份,15507249.76
920491,奥迪威,34933435.7
920493,并行科技,89014435.49
920496,许昌智能,6545108.54
920504,博迅生物,3443454.1
920505,九菱科技,26099262.66
920508,殷图网联,7134215.85
920509,同惠电子,168122033.72
920510,丰光精密,208561858.69
920519,万德股份,14004335.79
920522,纳科诺尔,63340077.74
920523,德瑞锂电,8136445.55
920526,凯华材料,65771818.28
920527,夜光明,9011174.47
920533,骏创科技,18757454.59
920541,铁大科技,3135496.21
920547,无锡晶海,6755010.64
920553,凯腾精工,4211707.91
920556,雅达股份,6191148.88
920564,天润科技,9120420.95
920566,梓橦宫,5827297.73
920570,坤博精工,9076258.52
920571,国航远洋,197721409.46
920575,*ST康乐,12987143.81
920576,天力复合,42780235.76
920578,巨能股份,22510963.39
920579,机科股份,6645706.12
920580,科创新材,10948772.69
920592,华信永道,64713503.36
920593,鼎智科技,52316764.39
920599,同力股份,39183214.27
920608,丰安股份,5784438.33
920627,力王股份,8522900.45
920634,新威凌,7296640.94
920639,晨光电缆,3792947.04
920640,富士达,107958659.86
920641,格利尔,7802361.41
920642,通易航天,10993717.53
920651,天罡股份,23703955.47
920656,海昇药业,5514790.53
920662,方盛股份,12856386.76
920663,明阳科技,5452006.54
920665,科强股份,9337960.54
920670,数字人,9482782.9
920675,秉扬科技,5147179.84
920679,前进科技,1099687.14
920680,广道退,0.0
920682,球冠电缆,6763296.68
920685,新芝生物,16698992.04
920689,克莱特,5207956.02
920690,捷众科技,12588747.9
920693,阿为特,11331344.91
920694,中裕科技,6410931.81
920699,海达尔,27342884.34
920701,豪声电子,7157139.02
920703,广厦环能,2879449.59
920706,铁拓机械,98149778.42
920717,瑞星股份,3209961.59
920718,合肥高科,6155959.94
920719,宁新新材,9152362.08
920720,吉冈精密,11945838.82
920725,惠丰钻石,409612795.75
920726,朱老六,15003202.21
920729,永顺生物,3124259.33
920735,德源药业,41553205.86
920748,路桥信息,277387453.61
920751,惠同新材,9502831.4
920753,天纺标,30768701.74
920765,美之高,6877945.32
920768,拾比佰,4849164.69
920770,艾能聚,15651958.58
920779,武汉蓝电,11178709.78
920781,瑞奇智造,4819903.39
920786,骑士乳业,37882634.09
920790,联迪信息,32184337.94
920792,东和新材,2073101.41
920799,艾融软件,60336716.9
920802,保丽洁,2912947.89
920806,云星宇,14498015.0
920807,奔朗新材,28024206.84
920808,曙光数创,111289167.66
920809,安达科技,35766593.02
920810,春光智能,6170912.76
920819,颖泰生物,13666867.54
920821,则成电子,82011078.39
920826,盖世食品,10956773.76
920832,齐鲁华信,3993146.1
920833,美心翼申,3203247.12
920834,三维装备,4010661.43
920837,华原股份,9623008.72
920839,万通液压,9508213.55
920855,浙江大农,7350383.47
920856,浩淼科技,14465386.32
920857,泓禧科技,11846954.54
920866,绿亨科技,9573233.61
920870,恒进感应,4721602.08
920871,派特尔,13312832.27
920873,中设咨询,22774415.54
920876,慧为智能,11627622.15
920879,基康技术,8455514.23
920885,星辰科技,16895460.23
920892,广咨国际,14981957.27
920895,花溪科技,121754266.44
920896,旺成科技,8365780.29
920906,舜宇精工,4350606.85
920914,远航精密,10712105.28
920924,广脉科技,16586966.85
920925,锦好医疗,4907772.66
920926,鸿智科技,62371980.91
920931,无锡鼎邦,4496835.59
920932,科达自控,9155050.54
920942,恒立钻具,11658762.21
920943,优机股份,11365199.27
920946,森萱医药,44903243.14
920950,迅安科技,2001928.21
920953,国子软件,22135248.3
920957,汉维科技,4085075.39
920961,创远信科,249940084.09
920964,润农节水,12088384.39
920970,大禹生物,22128703.51
920971,天马新材,154176991.78
920974,凯大催化,3798895.34
920976,视声智能,37241485.65
920978,开特股份,25585907.64
920981,晶赛科技,55549466.93
920982,锦波生物,211511062.92
920985,海泰新能,8271127.46
920992,中科美菱,38031191.56
